price,area,status,bhk,location,bath,City
26100000,1548,Ready to move,3,Adyar,2,Chennai
27800000,1652,Ready to move,3,Adyar,2,Chennai
27400000,1627,Ready to move,3,Adyar,2,Chennai
21000000,1381,Under Construction,3,Adyar,3,Chennai
23000000,1755,Under Construction,3,Adyar,3,Chennai
32100000,2380,Ready to move,3,Adyar,3,Chennai
51700000,2348,Ready to move,3,Alwarpet,2,Chennai
54500000,2476,Ready to move,3,Alwarpet,2,Chennai
61200000,2781,Ready to move,4,Alwarpet,3,Chennai
59700000,2713,Ready to move,4,Alwarpet,3,Chennai
48100000,2291,Ready to move,3,Alwarpet,3,Chennai
41700000,1989,Ready to move,3,Alwarpet,3,Chennai
90300000,4302,Ready to move,4,Alwarpet,3,Chennai
90300000,4302,Ready to move,4,Alwarpet,3,Chennai
41600000,2315,Under Construction,3,Alwarpet,3,Chennai
32300000,1850,Under Construction,3,Alwarpet,3,Chennai
4900000,1028,Ready to move,2,Ambattur,2,Chennai
6700000,1195,Ready to move,3,Ambattur,2,Chennai
3300000,601,Ready to move,1,Ambattur,1,Chennai
7900000,1440,Under Construction,3,Ambattur,3,Chennai
4044000,834,Under Construction,2,Ambattur,2,Chennai
5917000,1220,Under Construction,2,Ambattur,2,Chennai
5917000,1220,Under Construction,2,Ambattur,2,Chennai
3734000,770,Under Construction,2,Ambattur,2,Chennai
3735000,770,Under Construction,2,Ambattur,2,Chennai
4044000,834,Under Construction,2,Ambattur,2,Chennai
4219000,870,Under Construction,2,Ambattur,2,Chennai
3734000,770,Under Construction,2,Ambattur,2,Chennai
4112000,848,Under Construction,2,Ambattur,2,Chennai
3734000,770,Under Construction,2,Ambattur,2,Chennai
8000000,1527,Ready to move,3,Ambattur,2,Chennai
5300000,1012,Ready to move,2,Ambattur,2,Chennai
4219000,870,Under Construction,2,Ambattur,2,Chennai
3734000,770,Under Construction,2,Ambattur,2,Chennai
4219000,870,Under Construction,2,Ambattur,2,Chennai
3734000,770,Under Construction,2,Ambattur,2,Chennai
4219000,870,Under Construction,2,Ambattur,2,Chennai
3734000,770,Under Construction,2,Ambattur,2,Chennai
4044000,834,Under Construction,2,Ambattur,2,Chennai
4112000,848,Under Construction,2,Ambattur,2,Chennai
4219000,870,Under Construction,2,Ambattur,2,Chennai
3734000,770,Under Construction,2,Ambattur,2,Chennai
4044000,834,Under Construction,2,Ambattur,2,Chennai
24000000,1500,Ready to move,3,Anna Nagar,3,Chennai
22400000,1450,Under Construction,3,Anna Nagar,2,Chennai
24000000,1500,Under Construction,3,Anna Nagar,2,Chennai
15800000,1025,Under Construction,2,Anna Nagar,1,Chennai
24200000,1565,Ready to move,3,Anna Nagar,2,Chennai
24000000,1500,Under Construction,3,Anna Nagar,2,Chennai
24000000,1500,Under Construction,3,Anna Nagar,2,Chennai
24000000,1500,Under Construction,3,Anna Nagar,2,Chennai
19100000,1235,Under Construction,3,Anna Nagar,2,Chennai
22100000,1250,Under Construction,3,Anna Nagar,2,Chennai
26600000,1540,Under Construction,3,Anna Nagar,2,Chennai
26400000,1500,Under Construction,3,Anna Nagar,3,Chennai
22000000,1500,Ready to move,3,Anna Nagar,2,Chennai
23000000,1590,Ready to move,3,Anna Nagar,3,Chennai
32000000,2130,Ready to move,3,Anna Nagar,3,Chennai
20500000,1283,Ready to move,3,Anna Nagar,3,Chennai
5843000,1113,Under Construction,2,Ayanambakkam,1,Chennai
5496000,1047,Under Construction,2,Ayanambakkam,1,Chennai
5843000,1113,Under Construction,2,Ayanambakkam,1,Chennai
5481000,1044,Under Construction,2,Ayanambakkam,1,Chennai
5496000,1047,Under Construction,2,Ayanambakkam,1,Chennai
5843000,1113,Under Construction,2,Ayanambakkam,1,Chennai
5481000,1044,Under Construction,2,Ayanambakkam,1,Chennai
5496000,1047,Under Construction,2,Ayanambakkam,1,Chennai
5481000,1044,Under Construction,2,Ayanambakkam,1,Chennai
5076000,967,Under Construction,2,Ayanambakkam,1,Chennai
5076000,967,Under Construction,2,Ayanambakkam,1,Chennai
5890000,1122,Under Construction,2,Ayanambakkam,1,Chennai
5890000,1122,Under Construction,2,Ayanambakkam,1,Chennai
5701000,1086,Under Construction,2,Ayanambakkam,1,Chennai
5701000,1086,Under Construction,2,Ayanambakkam,1,Chennai
5076000,1045,Ready to move,2,Chromepet,2,Chennai
3377000,866,Under Construction,2,Chromepet,1,Chennai
3740000,770,Ready to move,2,Chromepet,1,Chennai
3099000,638,Ready to move,2,Chromepet,1,Chennai
5922000,1245,Ready to move,3,Chromepet,2,Chennai
4347000,895,Ready to move,2,Chromepet,1,Chennai
6155000,1294,Ready to move,3,Chromepet,2,Chennai
5832000,1226,Ready to move,3,Chromepet,2,Chennai
4979000,1025,Ready to move,2,Chromepet,1,Chennai
4683000,964,Ready to move,2,Chromepet,1,Chennai
5884000,1237,Ready to move,3,Chromepet,2,Chennai
6992000,1470,Ready to move,3,Chromepet,3,Chennai
4464000,919,Ready to move,2,Chromepet,2,Chennai
6388000,1343,Ready to move,3,Chromepet,2,Chennai
6074000,1277,Ready to move,3,Chromepet,2,Chennai
4459000,918,Ready to move,2,Chromepet,1,Chennai
4590000,945,Ready to move,2,Chromepet,1,Chennai
3138000,646,Ready to move,2,Chromepet,1,Chennai
5998000,1261,Ready to move,3,Chromepet,3,Chennai
6322000,1329,Ready to move,3,Chromepet,3,Chennai
5698000,1198,Ready to move,3,Chromepet,3,Chennai
4765000,981,Ready to move,2,Chromepet,1,Chennai
2515000,645,Under Construction,2,Chromepet,1,Chennai
2492000,639,Under Construction,2,Chromepet,1,Chennai
3513000,901,Under Construction,2,Chromepet,1,Chennai
2484000,637,Under Construction,2,Chromepet,1,Chennai
2765000,709,Under Construction,2,Chromepet,1,Chennai
2503000,642,Under Construction,2,Chromepet,1,Chennai
2457000,630,Under Construction,2,Chromepet,1,Chennai
2453000,629,Under Construction,2,Chromepet,1,Chennai
2449000,628,Under Construction,2,Chromepet,1,Chennai
2468000,633,Under Construction,2,Chromepet,1,Chennai
2425000,622,Under Construction,2,Chromepet,1,Chennai
2441000,626,Under Construction,2,Chromepet,1,Chennai
3420000,877,Under Construction,2,Chromepet,1,Chennai
2402000,616,Under Construction,2,Chromepet,1,Chennai
3432000,880,Under Construction,2,Chromepet,1,Chennai
3428000,879,Under Construction,2,Chromepet,1,Chennai
3000000,690,Ready to move,2,Chromepet,2,Chennai
8200000,1450,Ready to move,2,Chromepet,2,Chennai
11000000,1943,Ready to move,3,Chromepet,3,Chennai
9500000,1783,Ready to move,3,Chromepet,3,Chennai
6002000,1225,Ready to move,3,Chromepet,3,Chennai
5360000,1094,Ready to move,3,Chromepet,3,Chennai
4459000,910,Ready to move,2,Chromepet,2,Chennai
4018000,820,Ready to move,2,Chromepet,2,Chennai
2447000,505,Ready to move,1,Chromepet,1,Chennai
8143000,1404,Ready to move,3,Chromepet,3,Chennai
7296000,1258,Ready to move,3,Chromepet,3,Chennai
5915000,1183,Ready to move,3,Chromepet,3,Chennai
5776000,996,Ready to move,2,Chromepet,2,Chennai
4715000,943,Ready to move,2,Chromepet,2,Chennai
5220000,900,Ready to move,2,Chromepet,2,Chennai
4305000,861,Ready to move,2,Chromepet,2,Chennai
2500000,500,Ready to move,1,Chromepet,1,Chennai
7800000,1300,Ready to move,3,Chromepet,3,Chennai
6858000,1143,Ready to move,3,Chromepet,3,Chennai
5814000,969,Ready to move,2,Chromepet,2,Chennai
4710000,785,Ready to move,2,Chromepet,2,Chennai
5000000,1050,Ready to move,2,Chromepet,2,Chennai
4579000,669,Ready to move,2,East Tambaram,1,Chennai
7128000,1004,Under Construction,2,East Tambaram,1,Chennai
7242000,1020,Under Construction,2,East Tambaram,1,Chennai
7781000,1096,Under Construction,2,East Tambaram,1,Chennai
7348000,1035,Under Construction,2,East Tambaram,1,Chennai
8009000,1045,Under Construction,2,East Tambaram,1,Chennai
4719000,640,Under Construction,1,East Tambaram,1,Chennai
8221000,1075,Under Construction,2,East Tambaram,1,Chennai
6910000,890,Under Construction,2,East Tambaram,1,Chennai
8505000,1115,Under Construction,2,East Tambaram,1,Chennai
7442000,965,Under Construction,2,East Tambaram,1,Chennai
7690000,1000,Under Construction,2,East Tambaram,1,Chennai
5452000,806,Ready to move,2,East Tambaram,1,Chennai
4977000,734,Ready to move,2,East Tambaram,1,Chennai
5940000,882,Ready to move,2,East Tambaram,1,Chennai
8727000,1106,Under Construction,3,East Tambaram,2,Chennai
10500000,1360,Under Construction,4,East Tambaram,3,Chennai
7168000,893,Under Construction,2,East Tambaram,1,Chennai
7044000,876,Under Construction,2,East Tambaram,1,Chennai
7972000,1000,Under Construction,2,East Tambaram,1,Chennai
7504000,972,Under Construction,2,East Tambaram,1,Chennai
5735000,730,Under Construction,2,East Tambaram,1,Chennai
6327000,811,Under Construction,2,East Tambaram,1,Chennai
9327000,1171,Under Construction,2,East Tambaram,1,Chennai
5882000,750,Under Construction,2,East Tambaram,1,Chennai
7969000,1172,Under Construction,2,East Tambaram,1,Chennai
8309000,1222,Under Construction,2,East Tambaram,1,Chennai
6787000,1305,Under Construction,3,Gerugambakkam,2,Chennai
7620000,1480,Under Construction,3,Gerugambakkam,2,Chennai
5307000,1005,Under Construction,2,Gerugambakkam,1,Chennai
5664000,1069,Under Construction,2,Gerugambakkam,1,Chennai
4500000,950,Under Construction,2,Gerugambakkam,2,Chennai
3700000,730,Ready to move,2,Gerugambakkam,2,Chennai
5858000,1100,Ready to move,2,Gerugambakkam,3,Chennai
5422000,1015,Ready to move,2,Gerugambakkam,2,Chennai
4419000,878,Ready to move,2,Gerugambakkam,2,Chennai
3973000,790,Ready to move,2,Gerugambakkam,2,Chennai
3780000,790,Ready to move,2,Gerugambakkam,2,Chennai
8525000,1270,Ready to move,3,Gowrivakkam,2,Chennai
3700000,574,Ready to move,1,Gowrivakkam,1,Chennai
6500000,1002,Ready to move,2,Gowrivakkam,2,Chennai
8500000,1337,Ready to move,3,Gowrivakkam,3,Chennai
4500000,1176,Under Construction,2,Guduvancheri,2,Chennai
4850000,1100,Ready to move,2,Guduvancheri,2,Chennai
4500000,1112,Ready to move,2,Guduvancheri,2,Chennai
4900000,1100,Ready to move,2,Guduvancheri,2,Chennai
3400000,956,Ready to move,1,Guduvancheri,2,Chennai
4900000,1200,Ready to move,2,Guduvancheri,2,Chennai
4900000,1200,Ready to move,2,Guduvancheri,2,Chennai
1600000,480,Ready to move,1,Guduvancheri,1,Chennai
3800000,625,Under Construction,2,Guindy,1,Chennai
3800000,625,Under Construction,2,Guindy,1,Chennai
3800000,625,Under Construction,2,Guindy,1,Chennai
3800000,625,Under Construction,2,Guindy,1,Chennai
3800000,625,Under Construction,2,Guindy,1,Chennai
3800000,625,Under Construction,2,Guindy,1,Chennai
26000000,2000,Under Construction,3,Guindy,3,Chennai
26000000,2000,Under Construction,3,Guindy,3,Chennai
11800000,1740,Ready to move,3,Iyappanthangal,2,Chennai
11100000,1645,Ready to move,3,Iyappanthangal,2,Chennai
12100000,1790,Ready to move,3,Iyappanthangal,2,Chennai
11900000,1760,Ready to move,3,Iyappanthangal,2,Chennai
11500000,1700,Ready to move,3,Iyappanthangal,3,Chennai
11700000,1730,Ready to move,3,Iyappanthangal,2,Chennai
13000000,1800,Ready to move,3,Iyappanthangal,2,Chennai
13900000,1938,Ready to move,3,Iyappanthangal,2,Chennai
14300000,1990,Ready to move,3,Iyappanthangal,2,Chennai
13100000,1825,Ready to move,3,Iyappanthangal,2,Chennai
4606000,940,Ready to move,2,Iyyappanthangal,2,Chennai
5022000,1025,Ready to move,2,Iyyappanthangal,2,Chennai
4361000,890,Ready to move,2,Iyyappanthangal,2,Chennai
3993000,815,Ready to move,2,Iyyappanthangal,2,Chennai
5047000,1030,Ready to move,2,Iyyappanthangal,2,Chennai
5047000,1030,Ready to move,2,Iyyappanthangal,2,Chennai
4223000,862,Ready to move,2,Iyyappanthangal,2,Chennai
5300000,942,Ready to move,2,Iyyappanthangal,2,Chennai
5300000,942,Ready to move,2,Iyyappanthangal,2,Chennai
5300000,942,Ready to move,2,Iyyappanthangal,2,Chennai
5300000,942,Ready to move,2,Iyyappanthangal,2,Chennai
5300000,942,Ready to move,2,Iyyappanthangal,2,Chennai
5300000,942,Ready to move,2,Iyyappanthangal,2,Chennai
5300000,942,Ready to move,2,Iyyappanthangal,2,Chennai
5300000,942,Ready to move,2,Iyyappanthangal,2,Chennai
5300000,942,Ready to move,2,Iyyappanthangal,2,Chennai
12500000,2350,Ready to move,4,Iyyappanthangal,4,Chennai
12500000,2350,Ready to move,4,Iyyappanthangal,4,Chennai
12500000,2350,Ready to move,4,Iyyappanthangal,4,Chennai
12500000,2350,Ready to move,4,Iyyappanthangal,4,Chennai
5300000,942,Ready to move,2,Iyyappanthangal,2,Chennai
5300000,942,Ready to move,2,Iyyappanthangal,2,Chennai
5300000,942,Ready to move,2,Iyyappanthangal,2,Chennai
5300000,942,Ready to move,2,Iyyappanthangal,2,Chennai
5300000,942,Ready to move,2,Iyyappanthangal,2,Chennai
5300000,942,Ready to move,2,Iyyappanthangal,2,Chennai
5300000,942,Ready to move,2,Iyyappanthangal,2,Chennai
5300000,942,Ready to move,2,Iyyappanthangal,2,Chennai
5300000,942,Ready to move,2,Iyyappanthangal,2,Chennai
3377000,538,Ready to move,1,Karapakkam,1,Chennai
6670000,1027,Ready to move,2,Karapakkam,1,Chennai
6650000,1024,Ready to move,2,Karapakkam,1,Chennai
17400000,2686,Ready to move,4,Karapakkam,3,Chennai
17100000,2640,Ready to move,4,Karapakkam,3,Chennai
3446000,549,Ready to move,1,Karapakkam,1,Chennai
6800000,1024,Ready to move,2,Karapakkam,2,Chennai
17000000,2616,Ready to move,4,Karapakkam,3,Chennai
6800000,1024,Ready to move,2,Karapakkam,2,Chennai
9500000,1564,Ready to move,2,Karapakkam,3,Chennai
7000000,1024,Ready to move,2,Karapakkam,2,Chennai
3305000,1002,Ready to move,2,Kelambakkam,1,Chennai
4100000,1243,Ready to move,2,Kelambakkam,1,Chennai
4094000,1241,Ready to move,2,Kelambakkam,1,Chennai
3299000,1000,Ready to move,2,Kelambakkam,1,Chennai
2296000,696,Ready to move,1,Kelambakkam,1,Chennai
3698000,1121,Ready to move,2,Kelambakkam,1,Chennai
2088000,633,Ready to move,1,Kelambakkam,1,Chennai
3675000,1114,Ready to move,2,Kelambakkam,1,Chennai
3609000,1094,Ready to move,2,Kelambakkam,1,Chennai
3289000,997,Ready to move,2,Kelambakkam,1,Chennai
3252000,986,Ready to move,2,Kelambakkam,1,Chennai
3021000,916,Ready to move,2,Kelambakkam,1,Chennai
2675000,811,Ready to move,1,Kelambakkam,1,Chennai
3226000,978,Ready to move,2,Kelambakkam,1,Chennai
3216000,975,Ready to move,2,Kelambakkam,1,Chennai
2579000,782,Ready to move,1,Kelambakkam,1,Chennai
3239000,982,Ready to move,2,Kelambakkam,1,Chennai
3233000,980,Ready to move,2,Kelambakkam,1,Chennai
2569000,779,Ready to move,1,Kelambakkam,1,Chennai
3440000,1043,Ready to move,2,Kelambakkam,1,Chennai
3473000,1053,Ready to move,2,Kelambakkam,1,Chennai
3203000,971,Ready to move,2,Kelambakkam,1,Chennai
3183000,965,Ready to move,2,Kelambakkam,1,Chennai
2665000,808,Ready to move,1,Kelambakkam,1,Chennai
3137000,951,Ready to move,2,Kelambakkam,1,Chennai
2919000,885,Ready to move,2,Kelambakkam,1,Chennai
2484000,753,Ready to move,1,Kelambakkam,1,Chennai
3331000,1010,Ready to move,2,Kelambakkam,1,Chennai
3114000,944,Ready to move,2,Kelambakkam,1,Chennai
2675000,811,Ready to move,2,Kelambakkam,1,Chennai
3328000,1009,Ready to move,2,Kelambakkam,1,Chennai
3107000,942,Ready to move,2,Kelambakkam,1,Chennai
3708000,1124,Ready to move,2,Kelambakkam,1,Chennai
3127000,948,Ready to move,2,Kelambakkam,1,Chennai
3341000,1013,Ready to move,2,Kelambakkam,1,Chennai
3500000,840,Ready to move,2,Kelambakkam,2,Chennai
7300000,1737,Ready to move,3,Kelambakkam,3,Chennai
4100000,1250,Ready to move,1,Kelambakkam,2,Chennai
4800000,1270,Ready to move,2,Kelambakkam,1,Chennai
5800000,1400,Ready to move,3,Kelambakkam,3,Chennai
5300000,1550,Ready to move,2,Kelambakkam,2,Chennai
5200000,1350,Ready to move,2,Kelambakkam,2,Chennai
4600000,1262,Under Construction,3,Kelambakkam,2,Chennai
3500000,994,Under Construction,2,Kelambakkam,2,Chennai
3621000,1050,Under Construction,2,Kelambakkam,1,Chennai
3428000,994,Under Construction,2,Kelambakkam,1,Chennai
4352000,1262,Under Construction,3,Kelambakkam,3,Chennai
4604000,1335,Under Construction,3,Kelambakkam,2,Chennai
7500000,1791,Ready to move,3,Kelambakkam,3,Chennai
9046000,1508,Ready to move,3,Kolapakkam,2,Chennai
10400000,1745,Ready to move,3,Kolapakkam,2,Chennai
10400000,1745,Ready to move,3,Kolapakkam,2,Chennai
13100000,2185,Ready to move,4,Kolapakkam,3,Chennai
9298000,1550,Ready to move,3,Kolapakkam,2,Chennai
9118000,1520,Ready to move,2,Kolapakkam,1,Chennai
18100000,3024,Ready to move,5,Kolapakkam,6,Chennai
18100000,3024,Ready to move,5,Kolapakkam,6,Chennai
9700000,1617,Ready to move,2,Kolapakkam,1,Chennai
9700000,1617,Ready to move,2,Kolapakkam,1,Chennai
8026000,1338,Ready to move,2,Kolapakkam,1,Chennai
8026000,1338,Ready to move,2,Kolapakkam,1,Chennai
9118000,1520,Ready to move,2,Kolapakkam,1,Chennai
18100000,3024,Ready to move,5,Kolapakkam,6,Chennai
18100000,3024,Ready to move,5,Kolapakkam,6,Chennai
9700000,1617,Ready to move,2,Kolapakkam,1,Chennai
9700000,1617,Ready to move,2,Kolapakkam,1,Chennai
8026000,1338,Ready to move,2,Kolapakkam,1,Chennai
8026000,1338,Ready to move,2,Kolapakkam,1,Chennai
4042000,825,Ready to move,2,Kolapakkam,2,Chennai
4214000,860,Ready to move,2,Kolapakkam,2,Chennai
7000000,1148,Ready to move,2,Kolapakkam,2,Chennai
5400000,893,Ready to move,2,Kolathur,2,Chennai
16000000,2700,Ready to move,4,Kolathur,3,Chennai
5521000,986,Ready to move,2,Kolathur,2,Chennai
5521000,986,Ready to move,2,Kolathur,2,Chennai
14000000,2200,Ready to move,6,Kolathur,4,Chennai
9158000,1409,Ready to move,3,Kolathur,2,Chennai
6389000,983,Ready to move,2,Kolathur,1,Chennai
6831000,1051,Ready to move,2,Kolathur,1,Chennai
6636000,1021,Ready to move,2,Kolathur,1,Chennai
6461000,994,Ready to move,2,Kolathur,1,Chennai
6565000,1010,Ready to move,2,Kolathur,1,Chennai
8222000,1265,Ready to move,3,Kolathur,2,Chennai
6948000,1069,Ready to move,2,Kolathur,1,Chennai
6259000,963,Ready to move,2,Kolathur,1,Chennai
9548000,1469,Ready to move,3,Kolathur,2,Chennai
6396000,984,Ready to move,2,Kolathur,1,Chennai
6850000,1080,Ready to move,2,Kolathur,3,Chennai
6850000,1080,Ready to move,2,Kolathur,3,Chennai
6850000,1080,Ready to move,2,Kolathur,3,Chennai
6850000,1080,Ready to move,2,Kolathur,3,Chennai
6850000,1080,Ready to move,2,Kolathur,3,Chennai
6850000,1080,Ready to move,2,Kolathur,3,Chennai
6850000,1080,Ready to move,2,Kolathur,3,Chennai
6850000,1080,Ready to move,2,Kolathur,3,Chennai
6850000,1080,Ready to move,2,Kolathur,3,Chennai
6850000,1080,Ready to move,2,Kolathur,3,Chennai
6850000,1080,Ready to move,2,Kolathur,3,Chennai
6850000,1080,Ready to move,2,Kolathur,3,Chennai
7100000,1100,Under Construction,3,Kolathur,3,Chennai
7200000,1100,Under Construction,3,Kolathur,3,Chennai
27900000,1571,Under Construction,3,Kotturpuram,2,Chennai
22100000,1245,Under Construction,2,Kotturpuram,1,Chennai
34800000,1976,Under Construction,3,Kotturpuram,2,Chennai
32500000,1842,Under Construction,3,Kotturpuram,2,Chennai
34800000,1979,Under Construction,3,Kotturpuram,2,Chennai
23300000,1313,Under Construction,2,Kotturpuram,1,Chennai
34200000,1951,Under Construction,3,Kotturpuram,2,Chennai
33400000,1894,Under Construction,3,Kotturpuram,2,Chennai
21900000,1233,Under Construction,2,Kotturpuram,1,Chennai
33200000,1877,Under Construction,3,Kotturpuram,2,Chennai
33100000,1874,Under Construction,3,Kotturpuram,2,Chennai
35000000,1987,Under Construction,3,Kotturpuram,2,Chennai
5475000,1020,Ready to move,2,Kovur,2,Chennai
3858000,819,Ready to move,2,Kovur,2,Chennai
3823000,815,Ready to move,2,Kovur,2,Chennai
4100000,874,Ready to move,2,Kovur,3,Chennai
3853000,799,Ready to move,2,Kovur,2,Chennai
5400000,1000,Ready to move,2,Kovur,3,Chennai
5500000,1000,Ready to move,2,Kovur,3,Chennai
4400000,938,Ready to move,2,Kovur,2,Chennai
3642000,710,Ready to move,1,Kovur,2,Chennai
5500000,1020,Ready to move,2,Kovur,2,Chennai
4600000,914,Ready to move,2,Kovur,2,Chennai
7300000,1400,Under Construction,3,Kovur,3,Chennai
8923000,1373,Under Construction,3,Koyambedu,2,Chennai
9664000,1487,Under Construction,3,Koyambedu,2,Chennai
7681000,1182,Under Construction,2,Koyambedu,1,Chennai
6661000,1025,Under Construction,2,Koyambedu,1,Chennai
9709000,1494,Under Construction,3,Koyambedu,2,Chennai
6713000,1033,Under Construction,2,Koyambedu,1,Chennai
7070000,1088,Under Construction,2,Koyambedu,1,Chennai
8351000,1285,Under Construction,2,Koyambedu,1,Chennai
7343000,1130,Under Construction,2,Koyambedu,1,Chennai
9014000,1387,Under Construction,3,Koyambedu,2,Chennai
7324000,1127,Under Construction,2,Koyambedu,1,Chennai
9534000,1467,Under Construction,3,Koyambedu,2,Chennai
7350000,1131,Under Construction,2,Koyambedu,1,Chennai
4009000,853,Under Construction,2,Kundrathur,1,Chennai
3849000,819,Under Construction,2,Kundrathur,1,Chennai
3877000,825,Under Construction,2,Kundrathur,1,Chennai
3872000,824,Under Construction,2,Kundrathur,1,Chennai
8037000,1576,Ready to move,3,Kundrathur,2,Chennai
7889000,1547,Ready to move,3,Kundrathur,2,Chennai
8068000,1582,Ready to move,3,Kundrathur,2,Chennai
7089000,1390,Ready to move,3,Kundrathur,2,Chennai
7415000,1454,Ready to move,3,Kundrathur,2,Chennai
7094000,1391,Ready to move,3,Kundrathur,2,Chennai
7966000,1562,Ready to move,3,Kundrathur,2,Chennai
3750000,845,Ready to move,2,Kundrathur,2,Chennai
4600000,800,Ready to move,2,Kundrathur,1,Chennai
7400000,1300,Ready to move,3,Madambakkam,3,Chennai
6900000,1200,Ready to move,2,Madambakkam,2,Chennai
8500000,1683,Ready to move,3,Madambakkam,3,Chennai
8000000,1561,Ready to move,3,Madambakkam,3,Chennai
7700000,1483,Ready to move,3,Madambakkam,3,Chennai
9120000,1900,Ready to move,3,Madambakkam,3,Chennai
7828000,1631,Ready to move,3,Madambakkam,3,Chennai
7142000,1488,Ready to move,3,Madambakkam,3,Chennai
6715000,1399,Ready to move,3,Madambakkam,3,Chennai
4881000,1017,Ready to move,2,Madambakkam,2,Chennai
4752000,990,Ready to move,2,Madambakkam,2,Chennai
6561000,1238,Ready to move,3,Madambakkam,3,Chennai
6185000,1167,Ready to move,3,Madambakkam,3,Chennai
4881000,921,Ready to move,2,Madambakkam,2,Chennai
4664000,880,Ready to move,2,Madambakkam,2,Chennai
6417000,1310,Under Construction,3,Madhavaram,2,Chennai
7647000,1561,Under Construction,3,Madhavaram,2,Chennai
8171000,1668,Under Construction,3,Madhavaram,2,Chennai
5158000,1053,Under Construction,2,Madhavaram,1,Chennai
4859000,992,Under Construction,2,Madhavaram,1,Chennai
6334000,1293,Under Construction,3,Madhavaram,2,Chennai
7647000,1561,Under Construction,3,Madhavaram,2,Chennai
6383000,1303,Under Construction,3,Madhavaram,2,Chennai
5741000,1172,Under Construction,2,Madhavaram,1,Chennai
4874000,995,Under Construction,2,Madhavaram,1,Chennai
6231000,1272,Under Construction,3,Madhavaram,2,Chennai
8200000,1674,Under Construction,3,Madhavaram,2,Chennai
6270000,1280,Under Construction,3,Madhavaram,2,Chennai
7456000,1522,Under Construction,3,Madhavaram,2,Chennai
6417000,1310,Under Construction,3,Madhavaram,2,Chennai
6966000,1422,Under Construction,3,Madhavaram,2,Chennai
4869000,994,Under Construction,2,Madhavaram,1,Chennai
6966000,1422,Under Construction,3,Madhavaram,2,Chennai
4869000,994,Under Construction,2,Madhavaram,1,Chennai
4859000,992,Under Construction,2,Madhavaram,1,Chennai
6334000,1293,Under Construction,3,Madhavaram,2,Chennai
6383000,1303,Under Construction,3,Madhavaram,2,Chennai
5741000,1172,Under Construction,2,Madhavaram,1,Chennai
4874000,995,Under Construction,2,Madhavaram,1,Chennai
6231000,1272,Under Construction,3,Madhavaram,2,Chennai
6270000,1280,Under Construction,3,Madhavaram,2,Chennai
6300000,1286,Under Construction,3,Madhavaram,2,Chennai
4943000,1009,Under Construction,2,Madhavaram,1,Chennai
5124000,1046,Under Construction,2,Madhavaram,1,Chennai
5124000,1046,Under Construction,2,Madhavaram,1,Chennai
7686000,1569,Under Construction,3,Madhavaram,2,Chennai
7686000,1569,Under Construction,3,Madhavaram,2,Chennai
5124000,1046,Under Construction,2,Madhavaram,1,Chennai
5124000,1046,Under Construction,2,Madhavaram,1,Chennai
7686000,1569,Under Construction,3,Madhavaram,2,Chennai
7686000,1569,Under Construction,3,Madhavaram,2,Chennai
6417000,1310,Under Construction,3,Madhavaram,2,Chennai
6417000,1310,Under Construction,3,Madhavaram,2,Chennai
5173000,1056,Under Construction,2,Madhavaram,1,Chennai
5173000,1056,Under Construction,2,Madhavaram,1,Chennai
5158000,1053,Under Construction,2,Madhavaram,1,Chennai
5158000,1053,Under Construction,2,Madhavaram,1,Chennai
6966000,1422,Under Construction,3,Madhavaram,2,Chennai
6966000,1422,Under Construction,3,Madhavaram,2,Chennai
4869000,994,Under Construction,2,Madhavaram,1,Chennai
4869000,994,Under Construction,2,Madhavaram,1,Chennai
4859000,992,Under Construction,2,Madhavaram,1,Chennai
4859000,992,Under Construction,2,Madhavaram,1,Chennai
6334000,1293,Under Construction,3,Madhavaram,2,Chennai
6334000,1293,Under Construction,3,Madhavaram,2,Chennai
7647000,1561,Under Construction,3,Madhavaram,2,Chennai
7647000,1561,Under Construction,3,Madhavaram,2,Chennai
6383000,1303,Under Construction,3,Madhavaram,2,Chennai
6383000,1303,Under Construction,3,Madhavaram,2,Chennai
5741000,1172,Under Construction,2,Madhavaram,1,Chennai
5741000,1172,Under Construction,2,Madhavaram,1,Chennai
4874000,995,Under Construction,2,Madhavaram,1,Chennai
4874000,995,Under Construction,2,Madhavaram,1,Chennai
8171000,1668,Under Construction,3,Madhavaram,2,Chennai
8171000,1668,Under Construction,3,Madhavaram,2,Chennai
7201000,1470,Under Construction,3,Madhavaram,2,Chennai
7201000,1470,Under Construction,3,Madhavaram,2,Chennai
6231000,1272,Under Construction,3,Madhavaram,2,Chennai
6231000,1272,Under Construction,3,Madhavaram,2,Chennai
8200000,1674,Under Construction,3,Madhavaram,2,Chennai
8200000,1674,Under Construction,3,Madhavaram,2,Chennai
7554000,1542,Under Construction,3,Madhavaram,2,Chennai
7554000,1542,Under Construction,3,Madhavaram,2,Chennai
6270000,1280,Under Construction,3,Madhavaram,2,Chennai
6270000,1280,Under Construction,3,Madhavaram,2,Chennai
6300000,1286,Under Construction,3,Madhavaram,2,Chennai
6300000,1286,Under Construction,3,Madhavaram,2,Chennai
7456000,1522,Under Construction,3,Madhavaram,2,Chennai
7456000,1522,Under Construction,3,Madhavaram,2,Chennai
4943000,1009,Under Construction,2,Madhavaram,1,Chennai
4943000,1009,Under Construction,2,Madhavaram,1,Chennai
3950000,820,Ready to move,2,Madhavaram,2,Chennai
3950000,820,Ready to move,2,Madhavaram,2,Chennai
8073000,1242,Under Construction,2,Madipakkam,1,Chennai
8032000,1208,Ready to move,2,Madipakkam,1,Chennai
7949000,1223,Under Construction,2,Madipakkam,1,Chennai
8424000,1296,Under Construction,2,Madipakkam,1,Chennai
7930000,1220,Under Construction,2,Madipakkam,1,Chennai
7884000,1213,Under Construction,2,Madipakkam,1,Chennai
7761000,1194,Under Construction,2,Madipakkam,1,Chennai
8157000,1255,Under Construction,2,Madipakkam,1,Chennai
8248000,1269,Under Construction,2,Madipakkam,1,Chennai
7263000,1089,Ready to move,2,Madipakkam,1,Chennai
7425000,1114,Ready to move,2,Madipakkam,2,Chennai
6500000,919,Ready to move,2,Madipakkam,2,Chennai
5106000,740,Under Construction,2,Madipakkam,2,Chennai
5838000,965,Under Construction,1,Madipakkam,2,Chennai
7205000,1310,Under Construction,3,Medavakkam,2,Chennai
5164000,939,Under Construction,2,Medavakkam,1,Chennai
5956000,1083,Under Construction,2,Medavakkam,1,Chennai
5159000,938,Under Construction,2,Medavakkam,1,Chennai
5362000,975,Under Construction,2,Medavakkam,1,Chennai
8745000,1590,Under Construction,3,Medavakkam,2,Chennai
5357000,974,Under Construction,2,Medavakkam,1,Chennai
8772000,1595,Under Construction,3,Medavakkam,2,Chennai
5582000,1015,Under Construction,2,Medavakkam,1,Chennai
8068000,1467,Under Construction,3,Medavakkam,2,Chennai
5712000,985,Under Construction,2,Medavakkam,1,Chennai
5741000,990,Under Construction,2,Medavakkam,1,Chennai
6291000,1085,Under Construction,2,Medavakkam,1,Chennai
5625000,970,Under Construction,2,Medavakkam,1,Chennai
5683000,980,Under Construction,2,Medavakkam,1,Chennai
4950000,1000,Under Construction,2,Medavakkam,2,Chennai
11000000,1851,Ready to move,3,Medavakkam,3,Chennai
5000000,1000,Under Construction,2,Medavakkam,2,Chennai
3500000,750,Ready to move,2,Medavakkam,1,Chennai
3500000,750,Ready to move,2,Medavakkam,1,Chennai
3500000,750,Ready to move,2,Medavakkam,1,Chennai
3500000,750,Ready to move,2,Medavakkam,1,Chennai
3500000,750,Ready to move,2,Medavakkam,1,Chennai
3500000,750,Ready to move,2,Medavakkam,1,Chennai
3500000,750,Ready to move,2,Medavakkam,1,Chennai
3500000,750,Ready to move,2,Medavakkam,1,Chennai
3500000,750,Ready to move,2,Medavakkam,1,Chennai
3500000,750,Ready to move,2,Medavakkam,1,Chennai
3500000,750,Ready to move,2,Medavakkam,1,Chennai
3500000,750,Ready to move,2,Medavakkam,1,Chennai
4841000,931,Ready to move,2,Medavakkam,2,Chennai
7800000,1300,Ready to move,3,Medavakkam,3,Chennai
5406000,983,Ready to move,2,Medavakkam,2,Chennai
4735000,861,Ready to move,2,Medavakkam,2,Chennai
5826000,971,Ready to move,2,Medavakkam,2,Chennai
6935000,1261,Ready to move,3,Medavakkam,3,Chennai
6935000,1261,Ready to move,3,Medavakkam,3,Chennai
5604000,1019,Ready to move,2,Medavakkam,2,Chennai
5826000,971,Ready to move,2,Medavakkam,2,Chennai
7800000,1300,Ready to move,3,Medavakkam,3,Chennai
5406000,983,Ready to move,2,Medavakkam,2,Chennai
4735000,861,Ready to move,2,Medavakkam,2,Chennai
3120000,600,Ready to move,1,Medavakkam,1,Chennai
6888000,1148,Ready to move,3,Medavakkam,3,Chennai
5376000,896,Ready to move,2,Medavakkam,2,Chennai
5194000,999,Ready to move,2,Medavakkam,2,Chennai
7271000,1322,Ready to move,3,Medavakkam,3,Chennai
4368000,840,Ready to move,2,Medavakkam,2,Chennai
6400000,1254,Ready to move,2,Medavakkam,2,Chennai
8562000,1427,Ready to move,3,Medavakkam,3,Chennai
7902000,1317,Ready to move,3,Medavakkam,3,Chennai
7524000,1254,Ready to move,3,Medavakkam,3,Chennai
6696000,1116,Ready to move,3,Medavakkam,3,Chennai
6000000,1000,Ready to move,2,Medavakkam,2,Chennai
5316000,886,Ready to move,2,Medavakkam,2,Chennai
4506000,751,Ready to move,2,Medavakkam,2,Chennai
6164000,1045,Under Construction,2,Medavakkam,1,Chennai
7550000,1280,Under Construction,3,Medavakkam,2,Chennai
15100000,2225,Under Construction,3,Mogappair,2,Chennai
13400000,1974,Under Construction,3,Mogappair,2,Chennai
16500000,2433,Under Construction,4,Mogappair,3,Chennai
16900000,2495,Under Construction,4,Mogappair,3,Chennai
13300000,1962,Under Construction,3,Mogappair,2,Chennai
13800000,2211,Under Construction,4,Mogappair,2,Chennai
9757000,1668,Under Construction,3,Mogappair,2,Chennai
8599000,1470,Under Construction,3,Mogappair,2,Chennai
8386000,1342,Under Construction,2,Mogappair,1,Chennai
12100000,1947,Under Construction,3,Mogappair,2,Chennai
6148000,1051,Under Construction,2,Mogappair,2,Chennai
11500000,1849,Under Construction,3,Mogappair,2,Chennai
13900000,2228,Under Construction,4,Mogappair,3,Chennai
8517000,1363,Under Construction,2,Mogappair,1,Chennai
7002000,1197,Under Construction,2,Mogappair,2,Chennai
7000000,1499,Ready to move,3,Mogappair,3,Chennai
7151000,1069,Under Construction,2,Mogappair,2,Chennai
5929000,1078,Under Construction,2,Mugalivakkam,1,Chennai
5918000,1076,Under Construction,2,Mugalivakkam,1,Chennai
5973000,1086,Under Construction,2,Mugalivakkam,1,Chennai
5786000,1052,Under Construction,2,Mugalivakkam,1,Chennai
8734000,1588,Under Construction,3,Mugalivakkam,2,Chennai
6259000,1138,Under Construction,2,Mugalivakkam,1,Chennai
6402000,1164,Under Construction,2,Mugalivakkam,1,Chennai
2300000,500,Ready to move,1,Nanmangalam,1,Chennai
4708000,961,Ready to move,2,Nanmangalam,2,Chennai
3861000,788,Ready to move,2,Nanmangalam,2,Chennai
4508000,980,Ready to move,2,Nanmangalam,2,Chennai
3836000,834,Ready to move,2,Nanmangalam,2,Chennai
3657000,795,Ready to move,2,Nanmangalam,2,Chennai
4900000,1000,Ready to move,2,Nanmangalam,2,Chennai
4351000,888,Ready to move,2,Nanmangalam,2,Chennai
4111000,839,Ready to move,2,Nanmangalam,2,Chennai
5880000,1200,Ready to move,3,Nanmangalam,3,Chennai
4900000,1000,Ready to move,2,Nanmangalam,2,Chennai
4351000,888,Ready to move,2,Nanmangalam,2,Chennai
4560000,950,Under Construction,2,Nanmangalam,2,Chennai
4032000,840,Under Construction,2,Nanmangalam,2,Chennai
3768000,785,Under Construction,2,Nanmangalam,2,Chennai
3360000,700,Under Construction,2,Nanmangalam,2,Chennai
11300000,2343,Ready to move,4,Navallur,4,Chennai
11200000,2323,Ready to move,4,Navallur,3,Chennai
7105000,1579,Ready to move,3,Navallur,3,Chennai
11500000,2388,Ready to move,4,Navallur,3,Chennai
7101000,1578,Ready to move,3,Navallur,2,Chennai
6237000,1386,Ready to move,3,Navallur,2,Chennai
7051000,1567,Ready to move,3,Navallur,2,Chennai
7700000,1560,Ready to move,2,Navallur,2,Chennai
4900000,1110,Ready to move,2,Navallur,2,Chennai
4200000,979,Under Construction,2,Navallur,2,Chennai
4200000,762,Under Construction,2,Navallur,2,Chennai
5021000,1152,Ready to move,2,Padur,3,Chennai
5021000,1152,Ready to move,2,Padur,3,Chennai
5008000,1149,Ready to move,2,Padur,1,Chennai
5008000,1149,Ready to move,2,Padur,1,Chennai
4999000,1147,Ready to move,2,Padur,1,Chennai
4999000,1147,Ready to move,2,Padur,1,Chennai
5933000,1361,Ready to move,2,Padur,1,Chennai
5933000,1361,Ready to move,2,Padur,1,Chennai
5646000,1295,Ready to move,2,Padur,1,Chennai
5646000,1295,Ready to move,2,Padur,1,Chennai
5496000,1261,Ready to move,2,Padur,1,Chennai
5496000,1261,Ready to move,2,Padur,1,Chennai
5916000,1357,Ready to move,2,Padur,1,Chennai
5916000,1357,Ready to move,2,Padur,1,Chennai
5524000,1267,Ready to move,2,Padur,1,Chennai
5524000,1267,Ready to move,2,Padur,1,Chennai
5514000,1265,Ready to move,2,Padur,3,Chennai
5514000,1265,Ready to move,2,Padur,3,Chennai
5505000,1263,Ready to move,2,Padur,1,Chennai
5505000,1263,Ready to move,2,Padur,1,Chennai
7108000,1021,Under Construction,2,Pallavaram,1,Chennai
7382000,1085,Under Construction,2,Pallavaram,1,Chennai
7382000,1085,Under Construction,2,Pallavaram,1,Chennai
7382000,1085,Under Construction,2,Pallavaram,1,Chennai
7382000,1085,Under Construction,2,Pallavaram,1,Chennai
7382000,1085,Under Construction,2,Pallavaram,1,Chennai
7108000,1021,Under Construction,2,Pallavaram,1,Chennai
7108000,1021,Under Construction,2,Pallavaram,1,Chennai
10800000,1564,Under Construction,3,Pallavaram,2,Chennai
10800000,1564,Under Construction,3,Pallavaram,2,Chennai
5403000,837,Under Construction,2,Pallavaram,1,Chennai
5439000,861,Under Construction,2,Pallavaram,1,Chennai
4944000,777,Under Construction,2,Pallavaram,1,Chennai
5242000,783,Under Construction,2,Pallavaram,1,Chennai
5457000,864,Under Construction,2,Pallavaram,1,Chennai
9990000,1350,Under Construction,3,Pallavaram,3,Chennai
8140000,1122,Under Construction,2,Pallavaram,2,Chennai
9990000,1350,Under Construction,3,Pallavaram,3,Chennai
8140000,1122,Under Construction,2,Pallavaram,2,Chennai
11800000,1600,Under Construction,3,Pallavaram,3,Chennai
8140000,1122,Under Construction,2,Pallavaram,2,Chennai
11800000,1600,Under Construction,3,Pallavaram,3,Chennai
8500000,1300,Ready to move,2,Pallavaram,2,Chennai
5146000,919,Under Construction,2,Pammal,1,Chennai
5146000,919,Under Construction,2,Pammal,1,Chennai
6699000,1155,Under Construction,3,Pammal,2,Chennai
4988000,860,Under Construction,2,Pammal,1,Chennai
4611000,795,Under Construction,2,Pammal,1,Chennai
4888000,873,Under Construction,2,Pammal,1,Chennai
7448000,1330,Under Construction,3,Pammal,2,Chennai
7448000,1330,Under Construction,3,Pammal,2,Chennai
6339000,1132,Under Construction,3,Pammal,2,Chennai
6339000,1132,Under Construction,3,Pammal,2,Chennai
7285000,1301,Under Construction,3,Pammal,2,Chennai
7285000,1301,Under Construction,3,Pammal,2,Chennai
6699000,1155,Under Construction,3,Pammal,2,Chennai
4611000,795,Under Construction,2,Pammal,1,Chennai
4988000,860,Under Construction,2,Pammal,1,Chennai
6699000,1155,Under Construction,3,Pammal,2,Chennai
4611000,795,Under Construction,2,Pammal,1,Chennai
6699000,1155,Under Construction,3,Pammal,2,Chennai
4988000,860,Under Construction,2,Pammal,1,Chennai
4611000,795,Under Construction,2,Pammal,1,Chennai
6762000,1166,Under Construction,3,Pammal,2,Chennai
4988000,860,Under Construction,2,Pammal,1,Chennai
6762000,1166,Under Construction,3,Pammal,2,Chennai
6055000,1044,Under Construction,3,Pammal,2,Chennai
6055000,1044,Under Construction,3,Pammal,2,Chennai
4228000,729,Under Construction,2,Pammal,1,Chennai
6055000,1044,Under Construction,3,Pammal,2,Chennai
4228000,729,Under Construction,2,Pammal,1,Chennai
4228000,729,Under Construction,2,Pammal,1,Chennai
7702000,1328,Under Construction,3,Pammal,2,Chennai
7702000,1328,Under Construction,3,Pammal,2,Chennai
5759000,993,Under Construction,3,Pammal,2,Chennai
5759000,993,Under Construction,3,Pammal,2,Chennai
6188000,1067,Under Construction,3,Pammal,2,Chennai
6188000,1067,Under Construction,3,Pammal,2,Chennai
4727000,815,Under Construction,2,Pammal,1,Chennai
4727000,815,Under Construction,2,Pammal,1,Chennai
4059000,743,Ready to move,2,Pammal,1,Chennai
2299000,430,Ready to move,1,Pammal,1,Chennai
4503000,830,Ready to move,2,Pammal,1,Chennai
3532000,652,Ready to move,2,Pammal,1,Chennai
3532000,652,Ready to move,2,Pammal,1,Chennai
6605000,1216,Ready to move,3,Pammal,2,Chennai
6605000,1216,Ready to move,3,Pammal,2,Chennai
4230000,791,Ready to move,2,Pammal,1,Chennai
4230000,791,Ready to move,2,Pammal,1,Chennai
3919000,729,Ready to move,2,Pammal,1,Chennai
3919000,729,Ready to move,2,Pammal,1,Chennai
5354000,976,Ready to move,2,Pammal,1,Chennai
5354000,976,Ready to move,2,Pammal,1,Chennai
4572000,859,Ready to move,2,Pammal,1,Chennai
4572000,859,Ready to move,2,Pammal,1,Chennai
2843000,546,Ready to move,1,Pammal,1,Chennai
2843000,546,Ready to move,1,Pammal,1,Chennai
4341000,813,Ready to move,2,Pammal,1,Chennai
4341000,813,Ready to move,2,Pammal,1,Chennai
5236000,952,Under Construction,2,Pammal,1,Chennai
3949000,718,Under Construction,2,Pammal,1,Chennai
3586000,652,Under Construction,2,Pammal,1,Chennai
6710000,1220,Under Construction,3,Pammal,2,Chennai
4400000,800,Under Construction,2,Pammal,1,Chennai
5602000,1050,Under Construction,2,Pammal,1,Chennai
5597000,1049,Under Construction,2,Pammal,1,Chennai
6214000,1170,Under Construction,3,Pammal,2,Chennai
4416000,803,Ready to move,2,Pammal,1,Chennai
4158000,756,Ready to move,1,Pammal,1,Chennai
3201000,582,Ready to move,1,Pammal,1,Chennai
2568000,535,Ready to move,1,Pammal,1,Chennai
9000000,1700,Under Construction,3,Pammal,3,Chennai
7200000,1300,Ready to move,3,Pammal,3,Chennai
9000000,1700,Under Construction,3,Pammal,3,Chennai
4075000,910,Under Construction,2,Perumbakkam,1,Chennai
4704000,920,Under Construction,2,Perumbakkam,2,Chennai
5700000,1240,Under Construction,2,Perumbakkam,1,Chennai
6260000,1360,Under Construction,3,Perumbakkam,2,Chennai
9029000,1962,Under Construction,3,Perumbakkam,3,Chennai
3975000,885,Under Construction,2,Perumbakkam,1,Chennai
5698000,1315,Under Construction,2,Perumbakkam,1,Chennai
4768000,1080,Under Construction,2,Perumbakkam,1,Chennai
5144000,973,Under Construction,2,Perumbakkam,2,Chennai
6459000,1244,Under Construction,3,Perumbakkam,3,Chennai
5908000,1143,Under Construction,3,Perumbakkam,3,Chennai
6459000,1244,Under Construction,3,Perumbakkam,3,Chennai
6459000,1244,Under Construction,3,Perumbakkam,3,Chennai
5908000,1143,Under Construction,3,Perumbakkam,3,Chennai
5908000,1143,Under Construction,3,Perumbakkam,3,Chennai
5941000,1150,Under Construction,3,Perumbakkam,3,Chennai
5941000,1150,Under Construction,3,Perumbakkam,3,Chennai
6402000,1246,Under Construction,3,Perumbakkam,3,Chennai
6402000,1246,Under Construction,3,Perumbakkam,3,Chennai
5877000,1124,Under Construction,3,Perumbakkam,3,Chennai
5877000,1124,Under Construction,3,Perumbakkam,3,Chennai
4500000,909,Ready to move,2,Perumbakkam,2,Chennai
4178000,1045,Under Construction,2,Perumbakkam,1,Chennai
4218000,1055,Under Construction,2,Perumbakkam,1,Chennai
5498000,1375,Under Construction,2,Perumbakkam,1,Chennai
4058000,1015,Under Construction,2,Perumbakkam,1,Chennai
5358000,1340,Under Construction,2,Perumbakkam,1,Chennai
6400000,1238,Ready to move,3,Perumbakkam,2,Chennai
4152000,865,Under Construction,2,Perumbakkam,2,Chennai
3975000,885,Under Construction,2,Perumbakkam,2,Chennai
3940000,788,Ready to move,2,Perumbakkam,2,Chennai
5455000,1091,Ready to move,3,Perumbakkam,3,Chennai
4885000,977,Ready to move,2,Perumbakkam,2,Chennai
7060000,1400,Ready to move,3,Perumbakkam,3,Chennai
4315000,863,Ready to move,2,Perumbakkam,2,Chennai
9500000,1900,Ready to move,3,Perumbakkam,3,Chennai
8500000,1800,Ready to move,3,Perumbakkam,3,Chennai
3770000,903,Under Construction,2,Perungalathur,1,Chennai
4400000,1054,Under Construction,2,Perungalathur,1,Chennai
4053000,971,Under Construction,2,Perungalathur,1,Chennai
3319000,795,Under Construction,2,Perungalathur,1,Chennai
4826000,1156,Under Construction,2,Perungalathur,1,Chennai
3611000,865,Under Construction,2,Perungalathur,1,Chennai
3740000,896,Under Construction,2,Perungalathur,1,Chennai
3978000,953,Under Construction,2,Perungalathur,1,Chennai
3281000,786,Under Construction,2,Perungalathur,1,Chennai
3690000,884,Under Construction,2,Perungalathur,1,Chennai
3577000,857,Under Construction,2,Perungalathur,1,Chennai
3294000,789,Under Construction,2,Perungalathur,1,Chennai
3273000,784,Under Construction,2,Perungalathur,1,Chennai
3269000,783,Under Construction,2,Perungalathur,1,Chennai
3394000,813,Under Construction,2,Perungalathur,1,Chennai
2800000,502,Ready to move,1,Perungalathur,1,Chennai
9600000,1900,Under Construction,3,Perungalathur,3,Chennai
7700000,1400,Ready to move,3,Perungalathur,3,Chennai
6500000,1250,Ready to move,3,Perungalathur,3,Chennai
7700000,1400,Ready to move,3,Perungalathur,3,Chennai
6200000,1030,Ready to move,3,Perungalathur,2,Chennai
6200000,1030,Ready to move,3,Perungalathur,2,Chennai
6200000,1030,Ready to move,3,Perungalathur,2,Chennai
6200000,1030,Ready to move,3,Perungalathur,2,Chennai
6200000,1030,Ready to move,3,Perungalathur,2,Chennai
6200000,1030,Ready to move,3,Perungalathur,2,Chennai
6200000,1030,Ready to move,3,Perungalathur,2,Chennai
6200000,1030,Ready to move,3,Perungalathur,2,Chennai
6200000,1030,Ready to move,3,Perungalathur,2,Chennai
6200000,1030,Ready to move,3,Perungalathur,2,Chennai
6200000,1030,Ready to move,3,Perungalathur,2,Chennai
6200000,1030,Ready to move,3,Perungalathur,2,Chennai
6200000,1030,Ready to move,3,Perungalathur,2,Chennai
6200000,1030,Ready to move,3,Perungalathur,2,Chennai
6200000,1030,Ready to move,3,Perungalathur,2,Chennai
6200000,1030,Ready to move,3,Perungalathur,2,Chennai
6200000,1030,Ready to move,3,Perungalathur,2,Chennai
5800000,1030,Ready to move,3,Perungalathur,2,Chennai
6960000,1200,Ready to move,3,Perungalathur,3,Chennai
6032000,1040,Ready to move,2,Perungalathur,2,Chennai
5417000,934,Ready to move,2,Perungalathur,2,Chennai
5156000,889,Ready to move,2,Perungalathur,2,Chennai
5300000,974,Under Construction,2,Perungalathur,2,Chennai
6600000,1366,Under Construction,3,Perungalathur,2,Chennai
13100000,1556,Under Construction,2,Perungudi,1,Chennai
25100000,2550,Under Construction,3,Perungudi,2,Chennai
22600000,2288,Under Construction,3,Perungudi,2,Chennai
30600000,3096,Under Construction,4,Perungudi,3,Chennai
22300000,2256,Under Construction,3,Perungudi,2,Chennai
12400000,1477,Under Construction,2,Perungudi,1,Chennai
11300000,1343,Under Construction,2,Perungudi,1,Chennai
32100000,3252,Under Construction,4,Perungudi,3,Chennai
11100000,1311,Under Construction,2,Perungudi,1,Chennai
13100000,1561,Under Construction,2,Perungudi,1,Chennai
24000000,2429,Under Construction,3,Perungudi,2,Chennai
11000000,1317,Under Construction,2,Perungudi,1,Chennai
11100000,1313,Under Construction,2,Perungudi,1,Chennai
13400000,1583,Under Construction,2,Perungudi,1,Chennai
13300000,1577,Under Construction,2,Perungudi,1,Chennai
13300000,1580,Under Construction,2,Perungudi,1,Chennai
23600000,2398,Under Construction,3,Perungudi,2,Chennai
31600000,3210,Under Construction,4,Perungudi,3,Chennai
11800000,1394,Under Construction,2,Perungudi,1,Chennai
11700000,1392,Under Construction,2,Perungudi,1,Chennai
11800000,1398,Under Construction,2,Perungudi,1,Chennai
13700000,1485,Ready to move,3,Perungudi,3,Chennai
10100000,1188,Under Construction,2,Perungudi,2,Chennai
5137000,598,Under Construction,1,Perungudi,1,Chennai
13800000,1380,Ready to move,3,Perungudi,3,Chennai
12000000,1200,Ready to move,3,Perungudi,3,Chennai
12000000,1200,Ready to move,3,Perungudi,3,Chennai
13000000,1308,Ready to move,3,Perungudi,3,Chennai
12500000,1250,Ready to move,3,Perungudi,3,Chennai
10400000,1044,Ready to move,2,Perungudi,2,Chennai
10600000,1060,Ready to move,2,Perungudi,2,Chennai
10600000,1062,Ready to move,2,Perungudi,2,Chennai
13700000,1370,Ready to move,3,Perungudi,3,Chennai
12600000,1264,Ready to move,3,Perungudi,3,Chennai
10600000,1065,Ready to move,2,Perungudi,2,Chennai
10600000,1060,Ready to move,2,Perungudi,2,Chennai
13700000,1370,Ready to move,3,Perungudi,3,Chennai
13000000,1308,Ready to move,3,Perungudi,3,Chennai
13000000,1308,Ready to move,3,Perungudi,3,Chennai
12000000,1200,Ready to move,3,Perungudi,3,Chennai
10400000,1044,Ready to move,2,Perungudi,2,Chennai
12000000,1200,Ready to move,3,Perungudi,3,Chennai
13800000,1380,Ready to move,3,Perungudi,3,Chennai
12600000,1264,Ready to move,3,Perungudi,3,Chennai
12500000,1250,Ready to move,3,Perungudi,3,Chennai
12500000,1250,Ready to move,3,Perungudi,3,Chennai
13700000,1370,Ready to move,3,Perungudi,3,Chennai
13800000,1380,Ready to move,3,Perungudi,3,Chennai
13000000,1308,Ready to move,3,Perungudi,3,Chennai
8839000,1637,Ready to move,3,Poonamallee,2,Chennai
7954000,1473,Ready to move,3,Poonamallee,2,Chennai
5410000,1002,Ready to move,2,Poonamallee,2,Chennai
7657000,1418,Ready to move,3,Poonamallee,2,Chennai
7954000,1473,Ready to move,3,Poonamallee,2,Chennai
5410000,1002,Ready to move,2,Poonamallee,2,Chennai
7657000,1418,Ready to move,3,Poonamallee,2,Chennai
5243000,971,Ready to move,2,Poonamallee,1,Chennai
7668000,1420,Ready to move,3,Poonamallee,3,Chennai
5389000,998,Ready to move,2,Poonamallee,1,Chennai
5383000,997,Ready to move,2,Poonamallee,1,Chennai
8823000,1634,Ready to move,3,Poonamallee,3,Chennai
5383000,997,Ready to move,2,Poonamallee,1,Chennai
6947000,965,Under Construction,2,Porur,1,Chennai
7871000,1212,Under Construction,2,Porur,1,Chennai
6644000,923,Under Construction,2,Porur,2,Chennai
9265000,1287,Under Construction,3,Porur,2,Chennai
7810000,1085,Under Construction,3,Porur,3,Chennai
7393000,1027,Under Construction,2,Porur,1,Chennai
6990000,971,Under Construction,2,Porur,1,Chennai
6954000,966,Under Construction,2,Porur,1,Chennai
6209000,956,Under Construction,2,Porur,1,Chennai
8105000,1248,Under Construction,2,Porur,1,Chennai
6137000,945,Under Construction,2,Porur,1,Chennai
7099000,1093,Under Construction,2,Porur,1,Chennai
6118000,942,Under Construction,2,Porur,1,Chennai
7943000,1223,Under Construction,2,Porur,1,Chennai
8500000,1071,Ready to move,2,Porur,2,Chennai
8500000,1071,Ready to move,2,Porur,2,Chennai
6947000,965,Under Construction,2,Porur,1,Chennai
6644000,923,Under Construction,2,Porur,2,Chennai
9265000,1287,Under Construction,3,Porur,2,Chennai
7810000,1085,Under Construction,3,Porur,3,Chennai
7393000,1027,Under Construction,2,Porur,1,Chennai
6990000,971,Under Construction,2,Porur,1,Chennai
6954000,966,Under Construction,2,Porur,1,Chennai
6600000,950,Under Construction,2,Porur,2,Chennai
6400000,959,Under Construction,2,Porur,2,Chennai
7600000,1085,Under Construction,3,Porur,3,Chennai
4008000,835,Ready to move,2,Pozhichalur,1,Chennai
4022000,838,Ready to move,2,Pozhichalur,1,Chennai
3230000,673,Ready to move,2,Pozhichalur,1,Chennai
2409000,502,Under Construction,1,Pozhichalur,1,Chennai
3393000,707,Under Construction,2,Pozhichalur,1,Chennai
2284000,476,Under Construction,1,Pozhichalur,1,Chennai
3585000,747,Under Construction,2,Pozhichalur,1,Chennai
5049000,1020,Under Construction,3,Pozhichalur,2,Chennai
2970000,600,Under Construction,1,Pozhichalur,1,Chennai
4034000,815,Under Construction,2,Pozhichalur,1,Chennai
4603000,930,Under Construction,2,Pozhichalur,1,Chennai
4950000,1000,Under Construction,3,Pozhichalur,2,Chennai
3415000,690,Under Construction,2,Pozhichalur,1,Chennai
4826000,975,Under Construction,2,Pozhichalur,1,Chennai
3960000,800,Under Construction,2,Pozhichalur,1,Chennai
4300000,799,Ready to move,2,Rajakilpakkam,2,Chennai
9500000,1700,Ready to move,3,Rajakilpakkam,3,Chennai
7840000,1400,Ready to move,3,Rajakilpakkam,3,Chennai
7280000,1300,Ready to move,3,Rajakilpakkam,3,Chennai
6658000,1189,Ready to move,3,Rajakilpakkam,3,Chennai
5734000,1024,Ready to move,2,Rajakilpakkam,2,Chennai
5398000,964,Ready to move,2,Rajakilpakkam,2,Chennai
4625000,826,Ready to move,2,Rajakilpakkam,2,Chennai
4396000,785,Ready to move,2,Rajakilpakkam,2,Chennai
4820000,964,Ready to move,2,Rajakilpakkam,2,Chennai
4500000,900,Ready to move,2,Rajakilpakkam,2,Chennai
4060000,812,Ready to move,2,Rajakilpakkam,2,Chennai
16800000,994,Under Construction,2,Royapettah,2,Chennai
16800000,994,Ready to move,2,Royapettah,2,Chennai
23000000,1440,Ready to move,3,Royapettah,3,Chennai
38500000,2336,Ready to move,3,Royapettah,3,Chennai
90300000,4200,Ready to move,3,Royapettah,2,Chennai
63600000,2961,Ready to move,3,Royapettah,2,Chennai
63500000,2958,Ready to move,3,Royapettah,2,Chennai
63600000,2960,Ready to move,4,Royapettah,3,Chennai
63500000,2957,Ready to move,4,Royapettah,3,Chennai
139700000,6500,Ready to move,5,Royapettah,6,Chennai
64500000,3000,Ready to move,3,Royapettah,2,Chennai
83800000,3899,Ready to move,3,Royapettah,2,Chennai
67400000,3135,Ready to move,3,Royapettah,3,Chennai
11400000,600,Ready to move,1,Royapettah,1,Chennai
63600000,2959,Ready to move,4,Royapettah,3,Chennai
83200000,3874,Ready to move,3,Royapettah,2,Chennai
139700000,6498,Ready to move,5,Royapettah,6,Chennai
81700000,3800,Ready to move,3,Royapettah,2,Chennai
142200000,6617,Ready to move,5,Royapettah,6,Chennai
67400000,3139,Ready to move,4,Royapettah,3,Chennai
10100000,1760,Under Construction,3,Selaiyur,2,Chennai
17500000,2544,Under Construction,4,Selaiyur,3,Chennai
6732000,1030,Ready to move,2,Selaiyur,1,Chennai
6732000,1030,Ready to move,2,Selaiyur,1,Chennai
7971000,1226,Ready to move,3,Selaiyur,2,Chennai
7971000,1226,Ready to move,3,Selaiyur,2,Chennai
6732000,1030,Ready to move,2,Selaiyur,1,Chennai
6732000,1030,Ready to move,2,Selaiyur,1,Chennai
7971000,1226,Ready to move,3,Selaiyur,2,Chennai
7971000,1226,Ready to move,3,Selaiyur,2,Chennai
4348000,906,Ready to move,2,Selaiyur,2,Chennai
4027000,839,Ready to move,2,Selaiyur,2,Chennai
4887000,905,Ready to move,2,Selaiyur,2,Chennai
4654000,862,Ready to move,2,Selaiyur,2,Chennai
4152000,769,Ready to move,2,Selaiyur,2,Chennai
3926000,818,Ready to move,2,Selaiyur,2,Chennai
7360000,1269,Ready to move,3,Selaiyur,3,Chennai
6907000,1191,Ready to move,3,Selaiyur,3,Chennai
6206000,1070,Ready to move,2,Selaiyur,2,Chennai
5771000,995,Ready to move,2,Selaiyur,2,Chennai
5585000,963,Ready to move,2,Selaiyur,2,Chennai
5185000,894,Ready to move,2,Selaiyur,2,Chennai
4756000,820,Ready to move,2,Selaiyur,2,Chennai
2835000,525,Ready to move,1,Selaiyur,1,Chennai
7200000,1218,Under Construction,3,Sembakkam,3,Chennai
5250000,960,Ready to move,2,Sembakkam,1,Chennai
4400000,800,Ready to move,2,Sembakkam,1,Chennai
2750000,586,Ready to move,1,Sembakkam,1,Chennai
2800000,586,Ready to move,1,Sembakkam,1,Chennai
2800000,586,Ready to move,1,Sembakkam,1,Chennai
2800000,586,Ready to move,1,Sembakkam,1,Chennai
2800000,586,Ready to move,1,Sembakkam,1,Chennai
2800000,586,Ready to move,1,Sembakkam,1,Chennai
2800000,586,Ready to move,1,Sembakkam,1,Chennai
2800000,586,Ready to move,1,Sembakkam,1,Chennai
2800000,586,Ready to move,1,Sembakkam,1,Chennai
2800000,586,Ready to move,1,Sembakkam,1,Chennai
2800000,586,Ready to move,1,Sembakkam,1,Chennai
2800000,586,Ready to move,1,Sembakkam,1,Chennai
2800000,586,Ready to move,1,Sembakkam,1,Chennai
2800000,586,Ready to move,1,Sembakkam,1,Chennai
2800000,586,Ready to move,1,Sembakkam,1,Chennai
3950000,809,Ready to move,2,Sembakkam,2,Chennai
3950000,809,Ready to move,2,Sembakkam,2,Chennai
3950000,809,Ready to move,2,Sembakkam,2,Chennai
3950000,809,Ready to move,2,Sembakkam,2,Chennai
3950000,809,Ready to move,2,Sembakkam,2,Chennai
5610000,1020,Under Construction,3,Sembakkam,2,Chennai
6050000,1100,Under Construction,3,Sembakkam,2,Chennai
6478000,1117,Ready to move,3,Sembakkam,3,Chennai
8120000,1400,Ready to move,3,Sembakkam,3,Chennai
8120000,1400,Ready to move,3,Sembakkam,3,Chennai
7487000,1291,Ready to move,3,Sembakkam,3,Chennai
5220000,900,Ready to move,2,Sembakkam,2,Chennai
6478000,1117,Ready to move,3,Sembakkam,3,Chennai
12000000,2000,Ready to move,3,Sembakkam,3,Chennai
10000000,1821,Ready to move,3,Sembakkam,3,Chennai
9500000,1783,Ready to move,3,Sembakkam,3,Chennai
9000000,1624,Ready to move,3,Sembakkam,3,Chennai
14000000,2200,Under Construction,4,Sembakkam,4,Chennai
7337000,1249,Ready to move,3,Sembakkam,3,Chennai
6926000,1179,Ready to move,3,Sembakkam,3,Chennai
5775000,983,Ready to move,2,Sembakkam,2,Chennai
4794000,861,Ready to move,2,Sembakkam,2,Chennai
5430000,905,Ready to move,2,Sembakkam,2,Chennai
5010000,835,Ready to move,2,Sembakkam,2,Chennai
5101000,981,Ready to move,2,Sembakkam,2,Chennai
4841000,931,Ready to move,2,Sembakkam,2,Chennai
4425000,851,Ready to move,2,Sembakkam,2,Chennai
4160000,800,Ready to move,2,Sembakkam,2,Chennai
2760000,600,Under Construction,2,Semmancheri,2,Chennai
2760000,600,Under Construction,2,Semmancheri,2,Chennai
3400000,700,Under Construction,2,Semmancheri,2,Chennai
3900000,800,Under Construction,2,Semmancheri,2,Chennai
4700000,1060,Ready to move,2,Semmancheri,2,Chennai
4600000,1200,Ready to move,1,Semmancheri,2,Chennai
7735000,1645,Ready to move,3,Semmancheri,2,Chennai
6275000,1004,Under Construction,2,Sholinganallur,1,Chennai
6275000,1004,Under Construction,2,Sholinganallur,1,Chennai
4864000,885,Under Construction,2,Sholinganallur,1,Chennai
4888000,890,Under Construction,2,Sholinganallur,1,Chennai
4743000,860,Under Construction,2,Sholinganallur,1,Chennai
4695000,850,Under Construction,2,Sholinganallur,1,Chennai
4767000,865,Under Construction,2,Sholinganallur,1,Chennai
13800000,2525,Ready to move,4,Sholinganallur,3,Chennai
7507000,1365,Ready to move,2,Sholinganallur,1,Chennai
6886000,1252,Ready to move,2,Sholinganallur,1,Chennai
7458000,1356,Ready to move,2,Sholinganallur,1,Chennai
6440000,1171,Ready to move,2,Sholinganallur,1,Chennai
7711000,1402,Ready to move,2,Sholinganallur,1,Chennai
8019000,1458,Ready to move,2,Sholinganallur,1,Chennai
7067000,1285,Ready to move,2,Sholinganallur,1,Chennai
14100000,2580,Ready to move,4,Sholinganallur,3,Chennai
8079000,1469,Ready to move,2,Sholinganallur,1,Chennai
6952000,1264,Ready to move,2,Sholinganallur,1,Chennai
6589000,1198,Ready to move,2,Sholinganallur,1,Chennai
6318000,1011,Under Construction,2,Sholinganallur,1,Chennai
6318000,1011,Under Construction,2,Sholinganallur,1,Chennai
5481000,877,Under Construction,2,Sholinganallur,1,Chennai
5481000,877,Under Construction,2,Sholinganallur,1,Chennai
6275000,1004,Under Construction,2,Sholinganallur,1,Chennai
6318000,1011,Under Construction,2,Sholinganallur,1,Chennai
6275000,1004,Under Construction,2,Sholinganallur,1,Chennai
5481000,877,Under Construction,2,Sholinganallur,1,Chennai
6318000,1011,Under Construction,2,Sholinganallur,1,Chennai
5787000,926,Under Construction,2,Sholinganallur,1,Chennai
5481000,877,Under Construction,2,Sholinganallur,1,Chennai
5787000,926,Under Construction,2,Sholinganallur,1,Chennai
6310000,1242,Under Construction,2,Sholinganallur,2,Chennai
6310000,1242,Under Construction,2,Sholinganallur,2,Chennai
3371000,604,Under Construction,1,Sholinganallur,1,Chennai
3366000,603,Under Construction,1,Sholinganallur,1,Chennai
6351000,1250,Under Construction,2,Sholinganallur,2,Chennai
6330000,1246,Under Construction,2,Sholinganallur,2,Chennai
3377000,605,Under Construction,1,Sholinganallur,1,Chennai
3344000,599,Under Construction,1,Sholinganallur,1,Chennai
3360000,602,Under Construction,1,Sholinganallur,1,Chennai
6285000,1237,Under Construction,2,Sholinganallur,2,Chennai
7754000,1468,Under Construction,2,Sholinganallur,1,Chennai
7020000,1329,Under Construction,2,Sholinganallur,2,Chennai
6864000,1351,Under Construction,2,Sholinganallur,2,Chennai
6528000,1285,Under Construction,2,Sholinganallur,1,Chennai
6396000,1259,Under Construction,2,Sholinganallur,2,Chennai
6452000,1270,Under Construction,2,Sholinganallur,2,Chennai
6447000,1269,Under Construction,2,Sholinganallur,1,Chennai
5600000,1258,Ready to move,2,Sholinganallur,2,Chennai
10900000,1708,Under Construction,3,Sholinganallur,3,Chennai
4900000,919,Ready to move,2,Sholinganallur,2,Chennai
8000000,1237,Under Construction,2,Sholinganallur,2,Chennai
9700000,1598,Under Construction,3,Sholinganallur,2,Chennai
6425000,1737,Ready to move,3,Siruseri,2,Chennai
6066000,1640,Ready to move,3,Siruseri,2,Chennai
5722000,1547,Ready to move,3,Siruseri,2,Chennai
5859000,1584,Ready to move,3,Siruseri,2,Chennai
5500000,1487,Ready to move,3,Siruseri,2,Chennai
5885000,1591,Ready to move,3,Siruseri,2,Chennai
2700000,600,Under Construction,2,Siruseri,4,Chennai
3988000,1040,Under Construction,3,Siruseri,2,Chennai
6200000,1295,Ready to move,2,Siruseri,2,Chennai
7447000,1655,Ready to move,3,Siruseri,3,Chennai
4000000,930,Under Construction,2,Siruseri,2,Chennai
2303000,510,Under Construction,1,Siruseri,1,Chennai
3502000,824,Under Construction,2,Siruseri,1,Chennai
1504000,338,Under Construction,1,Siruseri,1,Chennai
3298000,764,Under Construction,2,Siruseri,1,Chennai
6408000,1250,Under Construction,3,Sithalapakkam,2,Chennai
5414000,1050,Under Construction,2,Sithalapakkam,1,Chennai
3949000,800,Under Construction,2,Sithalapakkam,1,Chennai
5345000,1035,Under Construction,2,Sithalapakkam,1,Chennai
2972000,625,Under Construction,1,Sithalapakkam,1,Chennai
3128000,660,Under Construction,1,Sithalapakkam,1,Chennai
5574000,1085,Under Construction,2,Sithalapakkam,1,Chennai
6545000,1280,Under Construction,2,Sithalapakkam,1,Chennai
2927000,615,Under Construction,1,Sithalapakkam,1,Chennai
5459000,1060,Under Construction,2,Sithalapakkam,1,Chennai
5254000,1015,Under Construction,2,Sithalapakkam,1,Chennai
3061000,645,Under Construction,1,Sithalapakkam,1,Chennai
5482000,1065,Under Construction,2,Sithalapakkam,1,Chennai
45500000,2601,Under Construction,4,T Nagar,3,Chennai
64400000,3681,Under Construction,4,T Nagar,4,Chennai
29500000,1520,Under Construction,3,T Nagar,2,Chennai
36200000,2133,Under Construction,2,T Nagar,2,Chennai
39300000,2133,Under Construction,3,T Nagar,3,Chennai
24000000,1484,Ready to move,3,T Nagar,3,Chennai
24500000,1401,Ready to move,3,T Nagar,3,Chennai
44200000,2601,Under Construction,3,T Nagar,3,Chennai
44200000,2601,Under Construction,3,T Nagar,3,Chennai
24400000,1574,Ready to move,3,T Nagar,2,Chennai
21900000,1310,Under Construction,3,T Nagar,3,Chennai
3329000,1009,Under Construction,2,Thaiyur,1,Chennai
3342000,1013,Under Construction,2,Thaiyur,1,Chennai
2500000,605,Ready to move,1,Thaiyur,1,Chennai
5740000,1552,Under Construction,2,Thaiyur,1,Chennai
6460000,1700,Under Construction,3,Thaiyur,3,Chennai
5740000,1552,Under Construction,2,Thaiyur,1,Chennai
6460000,1700,Under Construction,3,Thaiyur,3,Chennai
3988000,1050,Ready to move,2,Thaiyur,2,Chennai
3802000,1001,Under Construction,2,Thaiyur,1,Chennai
4733000,1246,Under Construction,3,Thaiyur,2,Chennai
4030000,1061,Under Construction,2,Thaiyur,1,Chennai
5045000,1328,Under Construction,3,Thaiyur,2,Chennai
3730000,982,Under Construction,2,Thaiyur,1,Chennai
5071000,1335,Under Construction,3,Thaiyur,2,Chennai
1800000,353,Under Construction,1,Thirumazhisai,1,Chennai
3100000,730,Under Construction,2,Thirumazhisai,1,Chennai
3600000,849,Under Construction,2,Thirumazhisai,1,Chennai
1600000,319,Under Construction,1,Thirumazhisai,1,Chennai
1536000,300,Under Construction,1,Thirumazhisai,1,Chennai
2500000,640,Ready to move,1,Thirumazhisai,1,Chennai
2800000,730,Under Construction,2,Thirumazhisai,2,Chennai
3200000,849,Under Construction,2,Thirumazhisai,2,Chennai
2956000,768,Under Construction,2,Thirumullaivoyal,1,Chennai
3565000,926,Under Construction,3,Thirumullaivoyal,2,Chennai
3973000,1032,Under Construction,3,Thirumullaivoyal,2,Chennai
3330000,865,Under Construction,2,Thirumullaivoyal,1,Chennai
3653000,949,Under Construction,2,Thirumullaivoyal,1,Chennai
3388000,880,Under Construction,2,Thirumullaivoyal,1,Chennai
2955000,788,Under Construction,2,Thirumullaivoyal,1,Chennai
3311000,883,Under Construction,2,Thirumullaivoyal,1,Chennai
3311000,883,Under Construction,2,Thirumullaivoyal,1,Chennai
2966000,791,Under Construction,2,Thirumullaivoyal,1,Chennai
2966000,791,Under Construction,2,Thirumullaivoyal,1,Chennai
2921000,779,Under Construction,2,Thirumullaivoyal,1,Chennai
2921000,779,Under Construction,2,Thirumullaivoyal,1,Chennai
3453000,921,Under Construction,2,Thirumullaivoyal,1,Chennai
3453000,921,Under Construction,2,Thirumullaivoyal,1,Chennai
3172000,846,Under Construction,2,Thirumullaivoyal,1,Chennai
3172000,846,Under Construction,2,Thirumullaivoyal,1,Chennai
3015000,804,Under Construction,2,Thirumullaivoyal,1,Chennai
3015000,804,Under Construction,2,Thirumullaivoyal,1,Chennai
3015000,804,Under Construction,2,Thirumullaivoyal,1,Chennai
3003000,801,Under Construction,2,Thirumullaivoyal,1,Chennai
3015000,804,Under Construction,2,Thirumullaivoyal,1,Chennai
3003000,801,Under Construction,2,Thirumullaivoyal,1,Chennai
3030000,808,Under Construction,2,Thirumullaivoyal,1,Chennai
3030000,808,Under Construction,2,Thirumullaivoyal,1,Chennai
3468000,925,Under Construction,2,Thirumullaivoyal,1,Chennai
3468000,925,Under Construction,2,Thirumullaivoyal,1,Chennai
3146000,839,Under Construction,2,Thirumullaivoyal,1,Chennai
2898000,773,Under Construction,2,Thirumullaivoyal,1,Chennai
3146000,839,Under Construction,2,Thirumullaivoyal,1,Chennai
2898000,773,Under Construction,2,Thirumullaivoyal,1,Chennai
3097000,826,Under Construction,2,Thirumullaivoyal,1,Chennai
3097000,826,Under Construction,2,Thirumullaivoyal,1,Chennai
3116000,831,Under Construction,2,Thirumullaivoyal,1,Chennai
3116000,831,Under Construction,2,Thirumullaivoyal,1,Chennai
2955000,788,Under Construction,2,Thirumullaivoyal,1,Chennai
3500000,900,Ready to move,2,Thirumullaivoyal,2,Chennai
6569000,1381,Ready to move,3,Tiruvottiyur,2,Chennai
6564000,1380,Ready to move,3,Tiruvottiyur,2,Chennai
5347000,1117,Ready to move,2,Tiruvottiyur,1,Chennai
2322000,540,Ready to move,1,Tiruvottiyur,1,Chennai
2519000,586,Ready to move,1,Tiruvottiyur,1,Chennai
4575000,1064,Ready to move,2,Tiruvottiyur,1,Chennai
2506000,583,Ready to move,1,Tiruvottiyur,1,Chennai
2502000,582,Ready to move,1,Tiruvottiyur,1,Chennai
4553000,1059,Ready to move,2,Tiruvottiyur,1,Chennai
6838000,1439,Ready to move,3,Tiruvottiyur,2,Chennai
6847000,1441,Ready to move,3,Tiruvottiyur,2,Chennai
4472000,1040,Ready to move,2,Tiruvottiyur,1,Chennai
6875000,1447,Ready to move,3,Tiruvottiyur,2,Chennai
6763000,1423,Ready to move,3,Tiruvottiyur,2,Chennai
6777000,1426,Ready to move,3,Tiruvottiyur,2,Chennai
6681000,1405,Ready to move,3,Tiruvottiyur,2,Chennai
5472000,1144,Ready to move,2,Tiruvottiyur,1,Chennai
5463000,1142,Ready to move,2,Tiruvottiyur,1,Chennai
5519000,1154,Ready to move,2,Tiruvottiyur,1,Chennai
4394000,1022,Ready to move,2,Tiruvottiyur,1,Chennai
6610000,1390,Ready to move,3,Tiruvottiyur,2,Chennai
5409000,1130,Ready to move,2,Tiruvottiyur,1,Chennai
2365000,550,Ready to move,1,Tiruvottiyur,1,Chennai
6630000,1394,Ready to move,3,Tiruvottiyur,2,Chennai
2347000,546,Ready to move,1,Tiruvottiyur,1,Chennai
6635000,1395,Ready to move,3,Tiruvottiyur,2,Chennai
2326000,541,Ready to move,1,Tiruvottiyur,1,Chennai
2339000,544,Ready to move,1,Tiruvottiyur,1,Chennai
7000000,1027,Ready to move,2,Vadanemmeli,2,Chennai
7000000,1027,Ready to move,2,Vadanemmeli,2,Chennai
7000000,1027,Ready to move,2,Vadanemmeli,2,Chennai
7000000,1027,Ready to move,2,Vadanemmeli,2,Chennai
7000000,1027,Ready to move,2,Vadanemmeli,2,Chennai
7000000,1027,Ready to move,2,Vadanemmeli,2,Chennai
7000000,1027,Ready to move,2,Vadanemmeli,2,Chennai
7000000,1027,Ready to move,2,Vadanemmeli,2,Chennai
7000000,1027,Ready to move,2,Vadanemmeli,2,Chennai
7000000,1027,Ready to move,2,Vadanemmeli,2,Chennai
7000000,1027,Ready to move,2,Vadanemmeli,2,Chennai
7000000,1027,Ready to move,2,Vadanemmeli,2,Chennai
7000000,1027,Ready to move,2,Vadanemmeli,2,Chennai
7000000,1027,Ready to move,2,Vadanemmeli,2,Chennai
7000000,1027,Ready to move,2,Vadanemmeli,2,Chennai
7000000,1027,Ready to move,2,Vadanemmeli,2,Chennai
7000000,1027,Ready to move,2,Vadanemmeli,2,Chennai
7000000,1027,Ready to move,2,Vadanemmeli,2,Chennai
7000000,1027,Ready to move,2,Vadanemmeli,2,Chennai
7000000,1027,Ready to move,2,Vadanemmeli,2,Chennai
7000000,1027,Ready to move,2,Vadanemmeli,2,Chennai
7000000,1027,Ready to move,2,Vadanemmeli,2,Chennai
7000000,1027,Ready to move,2,Vadanemmeli,2,Chennai
7000000,1027,Ready to move,2,Vadanemmeli,2,Chennai
7000000,1027,Ready to move,2,Vadanemmeli,2,Chennai
7000000,1027,Ready to move,2,Vadanemmeli,2,Chennai
13200000,1176,Under Construction,2,Vadapalani,1,Chennai
13100000,1174,Under Construction,2,Vadapalani,1,Chennai
13200000,1180,Under Construction,2,Vadapalani,1,Chennai
13700000,1225,Under Construction,2,Vadapalani,1,Chennai
13000000,1159,Under Construction,2,Vadapalani,1,Chennai
13800000,1232,Under Construction,2,Vadapalani,1,Chennai
13600000,1211,Under Construction,2,Vadapalani,1,Chennai
12900000,1154,Under Construction,2,Vadapalani,1,Chennai
13500000,1204,Under Construction,2,Vadapalani,1,Chennai
4599000,920,Under Construction,2,Vanagaram,1,Chennai
4599000,920,Under Construction,2,Vanagaram,1,Chennai
4784000,957,Under Construction,2,Vanagaram,1,Chennai
4784000,957,Under Construction,2,Vanagaram,1,Chennai
4599000,920,Under Construction,2,Vanagaram,1,Chennai
4599000,920,Under Construction,2,Vanagaram,1,Chennai
4784000,957,Under Construction,2,Vanagaram,1,Chennai
4784000,957,Under Construction,2,Vanagaram,1,Chennai
4559000,912,Under Construction,2,Vanagaram,1,Chennai
4559000,912,Under Construction,2,Vanagaram,1,Chennai
4879000,976,Under Construction,2,Vanagaram,1,Chennai
4879000,976,Under Construction,2,Vanagaram,1,Chennai
4624000,925,Under Construction,2,Vanagaram,1,Chennai
4624000,925,Under Construction,2,Vanagaram,1,Chennai
3385000,594,Under Construction,1,Vanagaram,1,Chennai
3351000,588,Under Construction,1,Vanagaram,1,Chennai
3402000,597,Under Construction,1,Vanagaram,1,Chennai
5779000,1051,Under Construction,2,Vanagaram,2,Chennai
3400000,600,Under Construction,2,Vanagaram,2,Chennai
5774000,1013,Under Construction,2,Vanagaram,2,Chennai
5464000,1051,Under Construction,2,Vanagaram,2,Chennai
7980000,1400,Under Construction,3,Vanagaram,3,Chennai
7751000,1491,Under Construction,3,Vanagaram,3,Chennai
5464000,1051,Under Construction,2,Vanagaram,2,Chennai
7065000,1359,Under Construction,3,Vanagaram,2,Chennai
8545000,1554,Under Construction,3,Vanagaram,3,Chennai
8130000,937,Under Construction,2,Velachery,1,Chennai
8170000,942,Under Construction,2,Velachery,1,Chennai
20000000,1844,Ready to move,3,Velachery,3,Chennai
7600000,1028,Ready to move,2,Velachery,2,Chennai
10700000,1306,Ready to move,2,Velachery,2,Chennai
5583000,859,Ready to move,2,Velachery,2,Chennai
5583000,859,Ready to move,2,Velachery,2,Chennai
10000000,1188,Ready to move,3,Velachery,2,Chennai
8466000,996,Ready to move,2,Velachery,1,Chennai
8600000,1010,Ready to move,2,Velachery,2,Chennai
8740000,1469,Ready to move,3,Vengaivasal,2,Chennai
8157000,1371,Ready to move,3,Vengaivasal,2,Chennai
8829000,1484,Ready to move,3,Vengaivasal,2,Chennai
3575000,601,Ready to move,2,Vengaivasal,1,Chennai
1959000,540,Ready to move,1,Veppampattu,2,Chennai
1849000,520,Ready to move,1,Veppampattu,2,Chennai
3600000,900,Under Construction,2,Veppampattu,3,Chennai
2600000,720,Ready to move,2,Veppampattu,2,Chennai
2600000,720,Ready to move,2,Veppampattu,2,Chennai
2600000,720,Ready to move,2,Veppampattu,2,Chennai
2200000,601,Under Construction,1,Veppampattu,2,Chennai
3600000,902,Ready to move,2,Veppampattu,2,Chennai
4000000,1000,Ready to move,2,Veppampattu,2,Chennai
3600000,900,Ready to move,2,Veppampattu,2,Chennai
3000000,820,Ready to move,2,Veppampattu,2,Chennai
2190000,600,Under Construction,1,Veppampattu,2,Chennai
2200000,600,Under Construction,1,Veppampattu,2,Chennai
1600000,500,Ready to move,1,Veppampattu,1,Chennai
4500000,1200,Under Construction,3,Veppampattu,2,Chennai
2700000,750,Ready to move,2,Veppampattu,2,Chennai
2600000,720,Ready to move,2,Veppampattu,2,Chennai
3000000,820,Ready to move,2,Veppampattu,2,Chennai
2295000,600,Ready to move,1,Veppampattu,2,Chennai
1790000,601,Ready to move,1,Veppampattu,2,Chennai
2400000,600,Ready to move,2,Veppampattu,2,Chennai
1825000,600,Ready to move,1,Veppampattu,2,Chennai
2590000,700,Ready to move,2,Veppampattu,2,Chennai
2280000,600,Ready to move,1,Veppampattu,2,Chennai
2690000,704,Ready to move,2,Veppampattu,2,Chennai
2599000,703,Ready to move,2,Veppampattu,2,Chennai
1949000,520,Ready to move,1,Veppampattu,2,Chennai
2650000,680,Ready to move,2,Veppampattu,2,Chennai
2250000,600,Ready to move,1,Veppampattu,2,Chennai
2250000,630,Ready to move,2,Veppampattu,2,Chennai
1650000,550,Ready to move,1,Veppampattu,2,Chennai
2275000,600,Ready to move,1,Veppampattu,2,Chennai
2285000,600,Ready to move,2,Veppampattu,2,Chennai
1784000,600,Ready to move,1,Veppampattu,1,Chennai
2700000,720,Ready to move,2,Veppampattu,2,Chennai
2199000,600,Ready to move,1,Veppampattu,2,Chennai
2200000,600,Ready to move,1,Veppampattu,2,Chennai
2900000,800,Ready to move,2,Veppampattu,2,Chennai
2300000,594,Ready to move,1,Veppampattu,2,Chennai
2899000,751,Ready to move,2,Veppampattu,2,Chennai
2699000,701,Ready to move,2,Veppampattu,2,Chennai
2299000,609,Ready to move,2,Veppampattu,2,Chennai
2690000,700,Ready to move,2,Veppampattu,2,Chennai
2700000,700,Ready to move,2,Veppampattu,2,Chennai
2580000,700,Ready to move,2,Veppampattu,2,Chennai
2600000,700,Ready to move,2,Veppampattu,2,Chennai
2300000,600,Ready to move,2,Veppampattu,2,Chennai
2200000,600,Ready to move,1,Veppampattu,2,Chennai
2600000,700,Ready to move,2,Veppampattu,2,Chennai
2700000,725,Ready to move,2,Veppampattu,2,Chennai
2585000,650,Ready to move,2,Veppampattu,2,Chennai
2590000,650,Ready to move,2,Veppampattu,2,Chennai
2650000,700,Ready to move,2,Veppampattu,2,Chennai
2600000,650,Ready to move,2,Veppampattu,2,Chennai
1800000,599,Ready to move,1,Veppampattu,2,Chennai
2225000,603,Ready to move,1,Veppampattu,2,Chennai
1899000,611,Ready to move,1,Veppampattu,2,Chennai
2680000,700,Ready to move,2,Veppampattu,2,Chennai
2280000,600,Ready to move,2,Veppampattu,2,Chennai
2675000,700,Ready to move,2,Veppampattu,2,Chennai
1938000,510,Ready to move,1,Veppampattu,1,Chennai
3800000,1000,Ready to move,2,Veppampattu,1,Chennai
2280000,600,Ready to move,1,Veppampattu,1,Chennai
2090000,550,Ready to move,1,Veppampattu,1,Chennai
3040000,800,Ready to move,2,Veppampattu,1,Chennai
2470000,650,Ready to move,2,Veppampattu,1,Chennai
4560000,1200,Ready to move,2,Veppampattu,1,Chennai
2394000,630,Ready to move,1,Veppampattu,1,Chennai
2950000,800,Ready to move,2,Veppampattu,2,Chennai
3000000,800,Ready to move,2,Veppampattu,2,Chennai
2750000,750,Ready to move,2,Veppampattu,2,Chennai
2750000,750,Ready to move,2,Veppampattu,2,Chennai
2750000,750,Ready to move,2,Veppampattu,2,Chennai
3000000,800,Ready to move,2,Veppampattu,2,Chennai
3150000,850,Ready to move,2,Veppampattu,2,Chennai
3400000,900,Ready to move,2,Veppampattu,2,Chennai
39800000,2650,Ready to move,5,West Mambalam,5,Chennai
39800000,2650,Ready to move,5,West Mambalam,5,Chennai
39800000,2650,Ready to move,5,West Mambalam,5,Chennai
39800000,2650,Ready to move,5,West Mambalam,5,Chennai
39800000,2650,Ready to move,5,West Mambalam,5,Chennai
39800000,2650,Ready to move,5,West Mambalam,5,Chennai
39800000,2650,Ready to move,5,West Mambalam,5,Chennai
39800000,2650,Ready to move,5,West Mambalam,5,Chennai
39800000,2650,Ready to move,5,West Mambalam,5,Chennai
39800000,2650,Ready to move,5,West Mambalam,5,Chennai
39800000,2650,Ready to move,5,West Mambalam,5,Chennai
39800000,2650,Ready to move,5,West Mambalam,5,Chennai
39800000,2650,Ready to move,5,West Mambalam,5,Chennai
39800000,2650,Ready to move,5,West Mambalam,5,Chennai
39800000,2650,Ready to move,5,West Mambalam,5,Chennai
39800000,2650,Ready to move,5,West Mambalam,5,Chennai
39800000,2650,Ready to move,5,West Mambalam,5,Chennai
39800000,2650,Ready to move,5,West Mambalam,5,Chennai
39800000,2650,Ready to move,5,West Mambalam,5,Chennai
39800000,2650,Ready to move,5,West Mambalam,5,Chennai
39800000,2650,Ready to move,5,West Mambalam,5,Chennai
39800000,2650,Ready to move,5,West Mambalam,5,Chennai
39800000,2650,Ready to move,5,West Mambalam,5,Chennai
39800000,2650,Ready to move,5,West Mambalam,5,Chennai
39800000,2650,Ready to move,5,West Mambalam,5,Chennai
39800000,2650,Ready to move,5,West Mambalam,5,Chennai
39800000,2650,Ready to move,5,West Mambalam,5,Chennai
39800000,2650,Ready to move,5,West Mambalam,5,Chennai
39800000,2650,Ready to move,5,West Mambalam,5,Chennai
39800000,2650,Ready to move,5,West Mambalam,5,Chennai
39800000,2650,Ready to move,5,West Mambalam,5,Chennai
39800000,2650,Ready to move,5,West Mambalam,5,Chennai
39800000,2650,Ready to move,5,West Mambalam,5,Chennai
39800000,2650,Ready to move,5,West Mambalam,5,Chennai
39800000,2650,Ready to move,5,West Mambalam,5,Chennai
39800000,2650,Ready to move,5,West Mambalam,5,Chennai
39800000,2650,Ready to move,5,West Mambalam,5,Chennai
39800000,2650,Ready to move,5,West Mambalam,5,Chennai
39800000,2650,Ready to move,5,West Mambalam,5,Chennai
39800000,2650,Ready to move,5,West Mambalam,5,Chennai
39800000,2650,Ready to move,5,West Mambalam,5,Chennai
18800000,2221,Under Construction,3,other,3,Chennai
7299000,936,Ready to move,3,other,2,Chennai
33000000,3670,Ready to move,3,other,2,Chennai
4861000,884,Ready to move,2,other,1,Chennai
18800000,2221,Under Construction,3,other,3,Chennai
8303000,1101,Ready to move,3,other,2,Chennai
44000000,4896,Ready to move,4,other,3,Chennai
18800000,2221,Under Construction,3,other,3,Chennai
18800000,2221,Under Construction,3,other,3,Chennai
6499000,1274,Under Construction,2,other,2,Chennai
6530000,1280,Under Construction,2,other,1,Chennai
6770000,1328,Under Construction,2,other,2,Chennai
1283000,391,Under Construction,1,other,1,Chennai
1289000,394,Under Construction,1,other,1,Chennai
7220000,1313,Ready to move,2,other,1,Chennai
4905000,892,Ready to move,2,other,1,Chennai
6477000,1178,Ready to move,2,other,1,Chennai
55000000,5879,Ready to move,5,other,6,Chennai
55000000,5765,Ready to move,5,other,6,Chennai
7000000,1112,Ready to move,2,other,1,Chennai
8900000,1414,Ready to move,3,other,3,Chennai
6900000,1092,Ready to move,2,other,1,Chennai
8500000,1358,Ready to move,3,other,2,Chennai
4600000,900,Ready to move,2,other,2,Chennai
13500000,1415,Ready to move,3,other,3,Chennai
37000000,3600,Ready to move,3,other,3,Chennai
5250000,550,Ready to move,1,other,1,Chennai
2600000,540,Ready to move,1,other,1,Chennai
7500000,850,Under Construction,2,other,2,Chennai
18200000,2640,Ready to move,4,other,4,Chennai
5300000,850,Under Construction,2,other,2,Chennai
5300000,850,Under Construction,2,other,2,Chennai
5000000,905,Ready to move,2,other,2,Chennai
6900000,1071,Ready to move,2,other,2,Chennai
4100000,600,Under Construction,2,other,2,Chennai
6021000,782,Under Construction,1,other,1,Chennai
4500000,670,Ready to move,2,other,2,Chennai
4000000,655,Ready to move,2,other,2,Chennai
10000000,1400,Ready to move,3,other,3,Chennai
1500000,450,Ready to move,1,other,1,Chennai
9800000,1253,Ready to move,3,other,2,Chennai
8300000,997,Ready to move,2,other,1,Chennai
13500000,1950,Ready to move,3,other,3,Chennai
16000000,2300,Ready to move,4,other,4,Chennai
6500000,900,Ready to move,2,other,2,Chennai
6500000,900,Ready to move,2,other,2,Chennai
4000000,680,Ready to move,2,other,1,Chennai
1950000,600,Under Construction,1,other,1,Chennai
4500000,840,Ready to move,2,other,2,Chennai
4070000,760,Under Construction,2,other,2,Chennai
4702000,825,Ready to move,2,other,2,Chennai
4702000,825,Ready to move,2,other,2,Chennai
4702000,825,Ready to move,2,other,2,Chennai
4702000,825,Ready to move,2,other,2,Chennai
7980000,1400,Ready to move,3,other,3,Chennai
39000000,4000,Ready to move,4,other,4,Chennai
4170000,760,Under Construction,2,other,2,Chennai
4075000,750,Under Construction,2,other,2,Chennai
5500000,1000,Ready to move,2,other,2,Chennai
3500000,620,Ready to move,1,other,1,Chennai
35000000,4361,Ready to move,4,other,4,Chennai
13000000,1330,Ready to move,2,other,3,Chennai
14700000,1550,Ready to move,3,other,3,Chennai
11500000,1150,Ready to move,2,other,2,Chennai
11000000,1310,Ready to move,2,other,2,Chennai
2313000,503,Under Construction,1,other,1,Chennai
2056000,447,Under Construction,1,other,1,Chennai
5700000,1075,Ready to move,2,other,2,Chennai
11500000,1238,Ready to move,3,other,3,Chennai
4000000,652,Ready to move,2,other,2,Chennai
13000000,2020,Ready to move,3,other,2,Chennai
6200000,950,Ready to move,3,other,2,Chennai
5251000,938,Under Construction,2,other,1,Chennai
6707000,1198,Under Construction,3,other,2,Chennai
1800000,500,Under Construction,1,other,1,Chennai
2800000,850,Ready to move,1,other,1,Chennai
2550000,700,Ready to move,1,other,1,Chennai
5400000,950,Under Construction,2,other,2,Chennai
9000000,1390,Ready to move,3,other,3,Chennai
7650000,1150,Ready to move,2,other,2,Chennai
15000000,1750,Ready to move,3,other,2,Chennai
4200000,738,Ready to move,2,other,2,Chennai
22000000,3000,Ready to move,3,other,3,Chennai
17000000,2200,Ready to move,4,other,3,Chennai
16400000,2000,Ready to move,4,other,3,Chennai
16500000,2210,Ready to move,4,other,3,Chennai
2325000,611,Ready to move,1,other,2,Chennai
5300000,1022,Ready to move,2,other,2,Chennai
9000000,1000,Ready to move,3,other,3,Chennai
4700000,509,Ready to move,1,other,1,Chennai
5290000,804,Ready to move,2,other,2,Chennai
8200000,960,Ready to move,2,other,2,Chennai
7780000,890,Ready to move,2,other,2,Chennai
5600000,1000,Ready to move,2,other,2,Chennai
4697000,854,Ready to move,2,other,1,Chennai
5263000,957,Ready to move,2,other,1,Chennai
5170000,940,Ready to move,2,other,2,Chennai
4807000,874,Ready to move,2,other,1,Chennai
4708000,856,Ready to move,2,other,1,Chennai
5379000,978,Ready to move,2,other,1,Chennai
5478000,996,Ready to move,2,other,1,Chennai
15000000,1750,Ready to move,2,other,1,Chennai
3636000,627,Ready to move,1,other,1,Chennai
5521000,952,Ready to move,2,other,2,Chennai
6432000,960,Ready to move,2,other,2,Chennai
13800000,1340,Under Construction,3,other,2,Chennai
12100000,1175,Under Construction,3,other,2,Chennai
14100000,1375,Under Construction,3,other,2,Chennai
15900000,1550,Under Construction,3,other,2,Chennai
16000000,1555,Under Construction,3,other,2,Chennai
15700000,1525,Under Construction,3,other,2,Chennai
14600000,1425,Under Construction,3,other,2,Chennai
16000000,1560,Under Construction,3,other,2,Chennai
5870000,997,Ready to move,2,other,1,Chennai
5600000,920,Ready to move,2,other,2,Chennai
4934000,771,Ready to move,2,other,1,Chennai
4537000,709,Ready to move,2,other,1,Chennai
10000000,1343,Ready to move,2,other,1,Chennai
4950000,947,Ready to move,2,other,2,Chennai
5950000,700,Ready to move,2,other,2,Chennai
5950000,700,Ready to move,2,other,2,Chennai
5900000,759,Ready to move,2,other,2,Chennai
3900000,750,Ready to move,2,other,2,Chennai
3900000,750,Ready to move,2,other,2,Chennai
7860000,779,Under Construction,2,other,2,Chennai
4200000,520,Ready to move,1,other,1,Chennai
8200000,1000,Ready to move,2,other,2,Chennai
3700000,677,Ready to move,2,other,1,Chennai
3500000,620,Ready to move,1,other,1,Chennai
10500000,1385,Ready to move,3,other,2,Chennai
10500000,1385,Ready to move,3,other,3,Chennai
6362000,823,Under Construction,2,other,2,Chennai
6362000,823,Under Construction,2,other,2,Chennai
6490000,823,Under Construction,2,other,2,Chennai
7900000,894,Ready to move,2,other,2,Chennai
4977000,905,Under Construction,2,other,1,Chennai
4977000,905,Under Construction,2,other,1,Chennai
5200000,780,Ready to move,2,other,2,Chennai
1671000,490,Ready to move,1,other,1,Chennai
3500000,620,Ready to move,1,other,1,Chennai
3500000,620,Ready to move,1,other,1,Chennai
4158000,990,Ready to move,1,other,2,Chennai
7263000,1243,Ready to move,1,other,1,Chennai
3600000,800,Under Construction,1,other,2,Chennai
3500000,620,Ready to move,1,other,1,Chennai
26000000,3485,Ready to move,5,other,5,Chennai
2200000,420,Ready to move,1,other,2,Chennai
5900000,900,Ready to move,3,other,2,Chennai
4250000,818,Under Construction,2,other,2,Chennai
4250000,818,Under Construction,2,other,2,Chennai
4850000,818,Under Construction,2,other,2,Chennai
5750000,922,Ready to move,2,other,2,Chennai
8700000,1015,Under Construction,2,other,2,Chennai
5405000,932,Ready to move,2,other,2,Chennai
5196000,896,Ready to move,2,other,2,Chennai
5845000,759,Ready to move,2,other,2,Chennai
2900000,650,Ready to move,1,other,1,Chennai
43000000,6700,Ready to move,4,other,4,Chennai
24000000,3700,Ready to move,3,other,3,Chennai
12000000,1400,Ready to move,3,other,3,Chennai
11000000,1300,Ready to move,3,other,3,Chennai
10800000,1065,Ready to move,2,other,2,Chennai
5300000,1000,Ready to move,2,other,3,Chennai
3600000,900,Ready to move,1,other,2,Chennai
5400000,1050,Ready to move,2,other,2,Chennai
4800000,1126,Ready to move,1,other,2,Chennai
7800000,954,Ready to move,2,other,2,Chennai
5300000,804,Ready to move,2,other,2,Chennai
4200000,509,Ready to move,1,other,1,Chennai
7650000,1275,Ready to move,3,other,3,Chennai
6996000,1166,Ready to move,3,other,3,Chennai
6000000,1000,Ready to move,2,other,2,Chennai
4200000,700,Ready to move,1,other,1,Chennai
4974000,829,Ready to move,2,other,2,Chennai
12400000,1537,Ready to move,3,other,2,Chennai
11700000,1455,Ready to move,3,other,3,Chennai
12300000,1530,Ready to move,3,other,3,Chennai
5106000,690,Ready to move,2,other,2,Chennai
9120000,1200,Ready to move,3,other,3,Chennai
5550000,750,Ready to move,2,other,2,Chennai
8810000,881,Ready to move,2,other,2,Chennai
8700000,870,Ready to move,2,other,2,Chennai
2900000,576,Ready to move,1,other,1,Chennai
2000000,570,Under Construction,1,other,1,Chennai
4800000,832,Ready to move,2,other,2,Chennai
2300000,620,Under Construction,1,other,1,Chennai
2950000,623,Ready to move,1,other,1,Chennai
4950000,900,Under Construction,2,other,1,Chennai
5115000,930,Under Construction,2,other,1,Chennai
6570000,1096,Under Construction,3,other,2,Chennai
6200000,1020,Under Construction,2,other,2,Chennai
4500000,700,Under Construction,2,other,2,Chennai
4500000,800,Under Construction,2,other,2,Chennai
17000000,1750,Ready to move,4,other,3,Chennai
10800000,1065,Ready to move,2,other,2,Chennai
10800000,1065,Ready to move,2,other,2,Chennai
4200000,800,Under Construction,2,other,2,Chennai
9500000,1250,Ready to move,3,other,3,Chennai
9500000,1800,Ready to move,3,tambaram west,3,Chennai
9000000,1700,Ready to move,3,tambaram west,3,Chennai
8500000,1621,Ready to move,3,tambaram west,3,Chennai
6608000,1180,Ready to move,3,tambaram west,3,Chennai
5712000,1020,Ready to move,2,tambaram west,2,Chennai
5208000,930,Ready to move,2,tambaram west,2,Chennai
5040000,900,Ready to move,2,tambaram west,2,Chennai
