,Area,BHK,Bathroom,Furnishing,Price,Type,Locality,Parking
0,800.0,3.0,2.0,Semi-Furnished,6500000.0,Builder_Floor,Rohini Sector 25,1.0
1,750.0,2.0,2.0,Semi-Furnished,5000000.0,Apartment,"J R Designers Floors, Rohini Sector",1.0
2,950.0,2.0,2.0,Furnished,15500000.0,Apartment,other,1.0
3,600.0,2.0,2.0,Semi-Furnished,4200000.0,Builder_Floor,Rohini Sector 24,1.0
4,650.0,2.0,2.0,Semi-Furnished,6200000.0,Builder_Floor,other,1.0
5,1300.0,4.0,3.0,Semi-Furnished,15500000.0,Builder_Floor,Rohini Sector 24,1.0
6,1350.0,4.0,3.0,Semi-Furnished,10000000.0,Builder_Floor,Rohini Sector 24,1.0
7,650.0,2.0,2.0,Semi-Furnished,4000000.0,Apartment,other,1.0
8,985.0,3.0,3.0,Unfurnished,6800000.0,Builder_Floor,other,1.0
9,1300.0,4.0,4.0,Semi-Furnished,15000000.0,Builder_Floor,Rohini Sector 22,1.0
10,1100.0,3.0,2.0,Semi-Furnished,6200000.0,Builder_Floor,Rohini Sector 20,1.0
11,870.0,3.0,2.0,Semi-Furnished,7700000.0,Builder_Floor,Rohini Sector 25,1.0
12,630.0,2.0,2.0,Semi-Furnished,5500000.0,Builder_Floor,Rohini Sector 24,1.0
13,660.0,2.0,2.0,Semi-Furnished,5000000.0,Builder_Floor,Rohini Sector 24,1.0
14,344.4448,2.0,2.0,Semi-Furnished,3310000.0,Builder_Floor,other,1.0
15,660.0,2.0,2.0,Semi-Furnished,4700000.0,Builder_Floor,other,1.0
16,550.0,2.0,2.0,Semi-Furnished,4500000.0,Builder_Floor,Rohini Sector 22,1.0
17,1100.0,4.0,3.0,Semi-Furnished,17000000.0,Builder_Floor,other,1.0
18,1150.0,3.0,3.0,Semi-Furnished,25000000.0,Apartment,other,1.0
19,650.0,2.0,2.0,Semi-Furnished,6000000.0,Builder_Floor,Rohini Sector 24,1.0
20,850.0,2.0,2.0,Semi-Furnished,11000000.0,Apartment,other,1.0
21,900.0,3.0,2.0,Semi-Furnished,4500000.0,Builder_Floor,other,4.0
22,430.556,1.0,1.0,Furnished,5300000.0,Apartment,other,2.0
23,900.0,2.0,2.0,Semi-Furnished,10500000.0,Apartment,other,1.0
24,914.9315,2.0,2.0,Semi-Furnished,12000000.0,Builder_Floor,other,1.0
25,1100.0,3.0,3.0,Furnished,7000000.0,Builder_Floor,Rohini Sector 20,1.0
26,800.0,3.0,2.0,Semi-Furnished,7000000.0,Builder_Floor,Rohini Sector 25,1.0
27,500.0,1.0,1.0,Semi-Furnished,3400000.0,Apartment,other,1.0
28,28.0,2.0,2.0,Furnished,5000000.0,Apartment,Rohini Sector 25,1.0
29,2160.0,4.0,4.0,Furnished,21000000.0,Builder_Floor,other,1.0
31,800.0,2.0,2.0,Unfurnished,15000000.0,Builder_Floor,Lajpat Nagar 1,1.0
32,900.0,2.0,2.0,Unfurnished,10500000.0,Builder_Floor,Lajpat Nagar,1.0
33,1080.0,3.0,2.0,Semi-Furnished,22500000.0,Builder_Floor,"Vikram Vihar, Lajpat Nagar",1.0
34,750.0,2.0,2.0,Unfurnished,13600000.0,Builder_Floor,Lajpat Nagar 4,2.0
35,1450.0,3.0,3.0,Semi-Furnished,30000000.0,Builder_Floor,Lajpat Nagar 3,1.0
36,900.0,2.0,2.0,Semi-Furnished,13500000.0,Apartment,Lajpat Nagar,1.0
37,810.0,2.0,2.0,Semi-Furnished,8910000.0,Builder_Floor,other,1.0
38,1350.0,3.0,4.0,Unfurnished,25000000.0,Apartment,Lajpat Nagar,4.0
39,1710.0,3.0,3.0,Semi-Furnished,26000000.0,Builder_Floor,Lajpat Nagar 2,1.0
40,1650.0,3.0,3.0,Semi-Furnished,30000000.0,Builder_Floor,Lajpat Nagar,1.0
41,1280.0,2.0,2.0,Furnished,12500000.0,Builder_Floor,Lajpat Nagar,1.0
42,1260.0,3.0,3.0,Semi-Furnished,21000000.0,Builder_Floor,Lajpat Nagar 3,1.0
43,1130.0,2.0,2.0,Unfurnished,7800000.0,Builder_Floor,Lajpat Nagar 4,1.0
44,600.0,2.0,2.0,Semi-Furnished,11500000.0,Builder_Floor,"Amar Colony, Lajpat Nagar",1.0
45,850.0,2.0,2.0,Semi-Furnished,11500000.0,Builder_Floor,Lajpat Nagar 1,2.0
46,1500.0,3.0,3.0,Semi-Furnished,26000000.0,Builder_Floor,Lajpat Nagar 2,2.0
47,900.0,2.0,2.0,Semi-Furnished,13000000.0,Builder_Floor,"Amar Colony, Lajpat Nagar",1.0
48,1000.0,3.0,3.0,Semi-Furnished,22000000.0,Builder_Floor,"Vikram Vihar, Lajpat Nagar",1.0
49,900.0,2.0,2.0,Semi-Furnished,15800000.0,Builder_Floor,Lajpat Nagar 2,2.0
50,2925.0,4.0,4.0,Unfurnished,57500000.0,Builder_Floor,Lajpat Nagar 3,2.0
51,900.0,2.0,2.0,Unfurnished,10000000.0,Builder_Floor,Lajpat Nagar 1,2.0
52,1600.0,3.0,3.0,Unfurnished,30000000.0,Builder_Floor,Lajpat Nagar 3,2.0
53,1143.0,3.0,3.0,Unfurnished,22000000.0,Builder_Floor,"Vikram Vihar, Lajpat Nagar",2.0
54,1150.0,3.0,3.0,Semi-Furnished,24000000.0,Builder_Floor,"Vikram Vihar, Lajpat Nagar",1.0
55,1500.0,3.0,3.0,Semi-Furnished,31500000.0,Builder_Floor,Lajpat Nagar 3,1.0
56,850.0,2.0,2.0,Semi-Furnished,14600000.0,Builder_Floor,Lajpat Nagar 2,1.0
58,890.0,2.0,2.0,Semi-Furnished,8300000.0,Builder_Floor,Lajpat Nagar 1,2.0
59,1100.0,3.0,3.0,Unfurnished,22500000.0,Builder_Floor,"Vikram Vihar, Lajpat Nagar",2.0
60,750.0,1.0,1.0,Furnished,4600000.0,Apartment,other,1.0
61,850.0,2.0,1.0,Semi-Furnished,1900000.0,Apartment,"Siddhartha Heights, Dwarka Sector 2",1.0
62,1350.0,3.0,2.0,Unfurnished,5130000.0,Apartment,MTNL Employees House Welfare Societ,1.0
63,1387.0,4.0,4.0,Unfurnished,5890000.0,Apartment,"Delhi Homes Yojana, Dwarka Sector 2",1.0
64,1050.0,3.0,2.0,Unfurnished,3700000.0,Apartment,"The Elite Spire, Dwarka Sector 21",1.0
65,1500.0,3.0,2.0,Unfurnished,17400000.0,Apartment,"Kunj Vihar Apartment, Dwarka Sector",1.0
66,1200.0,3.0,3.0,Semi-Furnished,15500000.0,Apartment,"Ashirwad Apartments, Dwarka Sector ",1.0
67,700.0,2.0,1.0,Semi-Furnished,2400000.0,Apartment,MTNL Employees House Welfare Societ,2.0
68,1700.0,3.0,2.0,Semi-Furnished,17200000.0,Apartment,"Sunny Valley Apartments, Dwarka",1.0
69,1550.0,3.0,2.0,Furnished,14200000.0,Apartment,other,1.0
70,1400.0,3.0,3.0,Semi-Furnished,13500000.0,Apartment,"Chopra Apartment, Dwarka Sector 23",1.0
71,1900.0,4.0,4.0,Semi-Furnished,30000000.0,Apartment,other,1.0
72,2160.0,4.0,3.0,Unfurnished,21000000.0,Apartment,other,1.0
73,1700.0,4.0,3.0,Unfurnished,20500000.0,Apartment,other,1.0
74,1850.0,3.0,4.0,Semi-Furnished,24000000.0,Apartment,other,1.0
75,1800.0,4.0,2.0,Semi-Furnished,16500000.0,Apartment,other,1.0
76,1620.0,3.0,2.0,Semi-Furnished,14900000.0,Apartment,other,1.0
77,1800.0,4.0,3.0,Furnished,19200000.0,Apartment,other,1.0
78,1540.0,3.0,3.0,Semi-Furnished,14500000.0,Apartment,"Nav Kairali Apartment, Dwarka Secto",1.0
79,1600.0,3.0,3.0,Semi-Furnished,15600000.0,Apartment,"Ashirwad Apartments, Dwarka",1.0
80,1400.0,3.0,2.0,Unfurnished,11400000.0,Apartment,other,2.0
81,2300.0,4.0,4.0,Furnished,31500000.0,Apartment,other,2.0
82,1560.0,3.0,2.0,Furnished,15800000.0,Apartment,other,1.0
83,1500.0,3.0,3.0,Semi-Furnished,16000000.0,Apartment,other,1.0
84,1540.0,3.0,3.0,Semi-Furnished,14500000.0,Apartment,"Nav Kairali Apartment, Dwarka Secto",1.0
85,1050.0,2.0,2.0,Unfurnished,10500000.0,Apartment,other,1.0
86,1800.0,3.0,2.0,Semi-Furnished,14800000.0,Apartment,other,1.0
87,400.0,1.0,1.0,Semi-Furnished,1850000.0,Builder_Floor,other,1.0
89,1525.0,3.0,3.0,Semi-Furnished,14200000.0,Apartment,"Chopra Apartment, Dwarka Sector 23",2.0
90,900.0,1.0,1.0,Semi-Furnished,8900000.0,Builder_Floor,Lajpat Nagar 3,2.0
91,1450.0,3.0,3.0,Semi-Furnished,37500000.0,Builder_Floor,Lajpat Nagar 3,2.0
92,1450.0,3.0,3.0,Semi-Furnished,30000000.0,Builder_Floor,Lajpat Nagar 3,2.0
93,1260.0,3.0,3.0,Semi-Furnished,21000000.0,Builder_Floor,Lajpat Nagar 3,1.0
94,2925.0,4.0,4.0,Unfurnished,57500000.0,Builder_Floor,Lajpat Nagar 3,1.0
95,1710.0,3.0,3.0,Semi-Furnished,30000000.0,Builder_Floor,Lajpat Nagar 3,1.0
96,1600.0,3.0,3.0,Unfurnished,30000000.0,Builder_Floor,Lajpat Nagar 3,1.0
97,1500.0,3.0,3.0,Semi-Furnished,31500000.0,Builder_Floor,Lajpat Nagar 3,1.0
98,2200.0,3.0,3.0,Unfurnished,30000000.0,Builder_Floor,Lajpat Nagar 3,1.0
99,1350.0,3.0,3.0,Unfurnished,41500000.0,Builder_Floor,Lajpat Nagar 3,2.0
100,1710.0,3.0,3.0,Semi-Furnished,24800000.0,Builder_Floor,Lajpat Nagar 3,1.0
101,1350.0,3.0,3.0,Semi-Furnished,35000000.0,Builder_Floor,Lajpat Nagar 3,2.0
102,1500.0,3.0,3.0,Semi-Furnished,40000000.0,Builder_Floor,Lajpat Nagar 3,1.0
104,2700.0,4.0,4.0,Semi-Furnished,55000000.0,Builder_Floor,Lajpat Nagar 3,1.0
105,1400.0,3.0,3.0,Unfurnished,24500000.0,Builder_Floor,Lajpat Nagar 3,1.0
106,1800.0,3.0,3.0,Unfurnished,24500000.0,Apartment,Lajpat Nagar 3,1.0
107,1400.0,3.0,3.0,Semi-Furnished,32500000.0,Builder_Floor,Lajpat Nagar 3,2.0
108,1000.0,2.0,2.0,Furnished,20000000.0,Apartment,Lajpat Nagar 3,2.0
110,1000.0,2.0,2.0,Furnished,20000000.0,Apartment,Lajpat Nagar 3,1.0
111,1700.0,3.0,3.0,Furnished,19000000.0,Builder_Floor,Lajpat Nagar 3,2.0
112,1600.0,3.0,3.0,Unfurnished,26000000.0,Builder_Floor,Lajpat Nagar 3,1.0
113,1350.0,3.0,3.0,Unfurnished,21000000.0,Builder_Floor,Lajpat Nagar 3,1.0
114,1700.0,3.0,3.0,Semi-Furnished,27500000.0,Builder_Floor,Lajpat Nagar 3,1.0
115,1400.0,3.0,3.0,Semi-Furnished,32500000.0,Builder_Floor,Lajpat Nagar 3,2.0
116,1450.0,3.0,3.0,Semi-Furnished,45000000.0,Builder_Floor,Lajpat Nagar 3,1.0
117,1350.0,3.0,3.0,Semi-Furnished,21000000.0,Builder_Floor,Lajpat Nagar 3,4.0
118,1700.0,3.0,3.0,Unfurnished,28000000.0,Builder_Floor,Lajpat Nagar 3,4.0
119,1600.0,3.0,3.0,Unfurnished,29500000.0,Builder_Floor,Lajpat Nagar 3,2.0
121,800.0,2.0,2.0,Unfurnished,14000000.0,Builder_Floor,Lajpat Nagar 2,2.0
122,1710.0,3.0,3.0,Semi-Furnished,26000000.0,Builder_Floor,Lajpat Nagar 2,1.0
123,1350.0,2.0,2.0,Furnished,12500000.0,Builder_Floor,Lajpat Nagar 2,2.0
124,1500.0,3.0,3.0,Semi-Furnished,26000000.0,Builder_Floor,Lajpat Nagar 2,2.0
125,750.0,2.0,2.0,Semi-Furnished,11500000.0,Builder_Floor,"Vinoba Puri, Lajpat Nagar",2.0
126,850.0,2.0,2.0,Semi-Furnished,14600000.0,Builder_Floor,Lajpat Nagar 2,2.0
127,1575.0,3.0,3.0,Semi-Furnished,25500000.0,Builder_Floor,Lajpat Nagar 2,2.0
128,1675.0,3.0,3.0,Semi-Furnished,31000000.0,Builder_Floor,Lajpat Nagar 2,2.0
129,1350.0,3.0,3.0,Semi-Furnished,22000000.0,Builder_Floor,Lajpat Nagar 2,2.0
130,900.0,2.0,2.0,Semi-Furnished,13400000.0,Builder_Floor,Lajpat Nagar 2,1.0
131,1800.0,3.0,3.0,Semi-Furnished,35000000.0,Builder_Floor,Lajpat Nagar 2,1.0
132,900.0,2.0,2.0,Furnished,11000000.0,Builder_Floor,Lajpat Nagar 2,1.0
133,900.0,2.0,2.0,Unfurnished,6300000.0,Builder_Floor,"Vinoba Puri, Lajpat Nagar",1.0
134,900.0,2.0,2.0,Furnished,12500000.0,Builder_Floor,Lajpat Nagar 2,1.0
135,800.0,2.0,2.0,Unfurnished,14500000.0,Builder_Floor,Lajpat Nagar 2,1.0
136,1100.0,2.0,3.0,Semi-Furnished,22500000.0,Builder_Floor,Lajpat Nagar 2,1.0
137,810.0,2.0,2.0,Semi-Furnished,15500000.0,Builder_Floor,Lajpat Nagar 2,1.0
138,1500.0,3.0,3.0,Semi-Furnished,26000000.0,Builder_Floor,Lajpat Nagar 2,1.0
139,900.0,2.0,2.0,Semi-Furnished,15800000.0,Builder_Floor,Lajpat Nagar 2,1.0
140,825.0,2.0,2.0,Unfurnished,15000000.0,Builder_Floor,Lajpat Nagar 2,1.0
141,900.0,2.0,2.0,Unfurnished,13000000.0,Builder_Floor,Lajpat Nagar 2,1.0
142,875.0,2.0,2.0,Unfurnished,15000000.0,Builder_Floor,Lajpat Nagar 2,1.0
143,1350.0,3.0,3.0,Semi-Furnished,25000000.0,Builder_Floor,Lajpat Nagar 2,1.0
144,750.0,2.0,2.0,Semi-Furnished,16500000.0,Builder_Floor,Lajpat Nagar 2,1.0
145,900.0,2.0,2.0,Unfurnished,10300000.0,Builder_Floor,Lajpat Nagar 2,1.0
146,1350.0,3.0,3.0,Semi-Furnished,26000000.0,Builder_Floor,Lajpat Nagar 2,1.0
147,900.0,2.0,2.0,Unfurnished,11000000.0,Builder_Floor,Lajpat Nagar 2,1.0
148,1800.0,3.0,3.0,Unfurnished,28500000.0,Builder_Floor,Lajpat Nagar 2,1.0
149,900.0,2.0,2.0,Unfurnished,11000000.0,Builder_Floor,Lajpat Nagar 2,1.0
150,900.0,2.0,1.0,Furnished,11000000.0,Apartment,Budh Vihar,1.0
151,810.0,3.0,2.0,Semi-Furnished,4500000.0,Builder_Floor,Budh Vihar,1.0
152,450.0,2.0,1.0,Unfurnished,3600000.0,Builder_Floor,other,1.0
153,100.0,3.0,2.0,Furnished,4300000.0,Builder_Floor,Budh Vihar Phase 1,1.0
154,900.0,3.0,2.0,Semi-Furnished,4000000.0,Builder_Floor,Budh Vihar,1.0
155,500.0,2.0,2.0,Semi-Furnished,1650000.0,Apartment,Budh Vihar Phase 1,1.0
156,450.0,1.0,1.0,Furnished,2000000.0,Builder_Floor,Budh Vihar,1.0
157,75.0,2.0,2.0,Semi-Furnished,3000000.0,Builder_Floor,Budh Vihar,1.0
158,270.0,2.0,1.0,Semi-Furnished,1400000.0,Apartment,Budh Vihar Phase 1,1.0
159,500.0,2.0,1.0,Semi-Furnished,2000000.0,Builder_Floor,Budh Vihar Phase 1,1.0
160,444.0,2.0,2.0,Unfurnished,2000000.0,Apartment,Budh Vihar Phase 1,1.0
161,400.0,1.0,1.0,Furnished,2000000.0,Builder_Floor,Budh Vihar,1.0
162,729.0,3.0,4.0,Furnished,2600000.0,Builder_Floor,Budh Vihar,1.0
163,4050.0,6.0,3.0,Furnished,5100000.0,Builder_Floor,Budh Vihar Phase 1,1.0
164,2400.0,6.0,4.0,Furnished,6000000.0,Builder_Floor,Budh Vihar Phase 2,1.0
165,450.0,2.0,2.0,Furnished,4000000.0,Builder_Floor,Budh Vihar,1.0
166,405.0,2.0,3.0,Furnished,6200000.0,Builder_Floor,Budh Vihar Phase 2,1.0
167,666.0,1.0,2.0,Furnished,3500000.0,Builder_Floor,Budh Vihar Phase 1,2.0
168,1000.0,2.0,2.0,Semi-Furnished,7600000.0,Apartment,other,1.0
169,1360.0,4.0,3.0,Semi-Furnished,13500000.0,Builder_Floor,Rohini Sector 24,1.0
170,1550.0,4.0,3.0,Semi-Furnished,12500000.0,Builder_Floor,Rohini Sector 24,1.0
171,850.0,3.0,2.0,Semi-Furnished,6500000.0,Builder_Floor,Rohini Sector 23,1.0
172,2170.0,4.0,4.0,Unfurnished,22000000.0,Builder_Floor,Rohini Sector 23,1.0
173,720.0,3.0,2.0,Semi-Furnished,6000000.0,Builder_Floor,Rohini Sector 23,1.0
174,850.0,3.0,2.0,Semi-Furnished,7300000.0,Builder_Floor,Rohini Sector 23,1.0
175,950.0,3.0,2.0,Semi-Furnished,7600000.0,Builder_Floor,Rohini Sector 23,1.0
176,2300.0,4.0,4.0,Semi-Furnished,20000000.0,Builder_Floor,Rohini Sector 23,1.0
177,1300.0,4.0,4.0,Semi-Furnished,15000000.0,Builder_Floor,Rohini Sector 22,1.0
178,1100.0,3.0,2.0,Semi-Furnished,6200000.0,Builder_Floor,Rohini Sector 20,1.0
179,1030.0,3.0,2.0,Furnished,6200000.0,Builder_Floor,Rohini Sector 20,1.0
180,350.0,1.0,1.0,Semi-Furnished,2300000.0,Builder_Floor,other,1.0
181,750.0,2.0,2.0,Semi-Furnished,5000000.0,Apartment,"J R Designers Floors, Rohini Sector",1.0
182,720.0,2.0,2.0,Semi-Furnished,4700000.0,Apartment,"J R Designers Floors, Rohini Sector",1.0
183,800.0,2.0,2.0,Semi-Furnished,5500000.0,Apartment,"J R Designers Floors, Rohini Sector",1.0
184,350.0,1.0,1.0,Semi-Furnished,2000000.0,Apartment,"J R Designers Floors, Rohini Sector",1.0
185,980.0,3.0,2.0,Semi-Furnished,7300000.0,Apartment,"J R Designers Floors, Rohini Sector",1.0
186,1600.0,4.0,3.0,Semi-Furnished,13000000.0,Apartment,"J R Designers Floors, Rohini Sector",1.0
187,1450.0,3.0,3.0,Semi-Furnished,11500000.0,Apartment,"J R Designers Floors, Rohini Sector",1.0
188,445.0,2.0,2.0,Semi-Furnished,2800000.0,Apartment,"J R Designers Floors, Rohini Sector",1.0
189,380.0,1.0,1.0,Semi-Furnished,2200000.0,Apartment,"J R Designers Floors, Rohini Sector",1.0
190,680.0,2.0,2.0,Semi-Furnished,4400000.0,Apartment,"J R Designers Floors, Rohini Sector",1.0
191,1600.0,3.0,3.0,Semi-Furnished,13500000.0,Apartment,"J R Designers Floors, Rohini Sector",1.0
192,630.0,2.0,2.0,Semi-Furnished,4100000.0,Apartment,"J R Designers Floors, Rohini Sector",1.0
193,1500.0,3.0,2.0,Semi-Furnished,12000000.0,Apartment,"J R Designers Floors, Rohini Sector",1.0
194,550.0,2.0,2.0,Semi-Furnished,3500000.0,Apartment,"J R Designers Floors, Rohini Sector",1.0
195,2500.0,4.0,3.0,Semi-Furnished,15000000.0,Apartment,"J R Designers Floors, Rohini Sector",1.0
196,2800.0,5.0,4.0,Semi-Furnished,17500000.0,Apartment,"J R Designers Floors, Rohini Sector",1.0
197,300.0,1.0,1.0,Semi-Furnished,1900000.0,Apartment,"J R Designers Floors, Rohini Sector",1.0
198,800.0,3.0,2.0,Semi-Furnished,5500000.0,Apartment,"J R Designers Floors, Rohini Sector",1.0
199,1295.0,3.0,2.0,Semi-Furnished,10000000.0,Apartment,"J R Designers Floors, Rohini Sector",1.0
200,700.0,3.0,2.0,Semi-Furnished,4700000.0,Apartment,"J R Designers Floors, Rohini Sector",1.0
201,350.0,1.0,1.0,Semi-Furnished,2400000.0,Builder_Floor,"J R Designers Floors, Rohini Sector",1.0
202,450.0,2.0,2.0,Semi-Furnished,3800000.0,Builder_Floor,"J R Designers Floors, Rohini Sector",1.0
203,2200.0,4.0,4.0,Semi-Furnished,23000000.0,Builder_Floor,"J R Designers Floors, Rohini Sector",1.0
204,2300.0,4.0,4.0,Semi-Furnished,24500000.0,Builder_Floor,"J R Designers Floors, Rohini Sector",1.0
205,1150.0,3.0,2.0,Semi-Furnished,10000000.0,Builder_Floor,"J R Designers Floors, Rohini Sector",1.0
206,800.0,3.0,2.0,Semi-Furnished,5500000.0,Builder_Floor,"J R Designers Floors, Rohini Sector",1.0
207,850.0,3.0,2.0,Semi-Furnished,7000000.0,Builder_Floor,"J R Designers Floors, Rohini Sector",1.0
208,720.0,3.0,2.0,Semi-Furnished,6500000.0,Builder_Floor,"J R Designers Floors, Rohini Sector",1.0
209,4688.0,5.0,4.0,Unfurnished,135000000.0,Apartment,"The Leela Sky Villas, Patel Nagar",1.0
210,750.0,2.0,2.0,Semi-Furnished,5000000.0,Apartment,"J R Designers Floors, Rohini Sector",1.0
211,3901.0,4.0,4.0,Unfurnished,93000000.0,Apartment,"The Leela Sky Villas, Patel Nagar",1.0
212,950.0,3.0,2.0,Furnished,4370000.0,Apartment,"Uttam Nagar Floors, Uttam Nagar",1.0
213,1000.0,3.0,2.0,Unfurnished,4620000.0,Apartment,"Virat Residency, Dwarka Mor",1.0
214,850.0,2.0,1.0,Semi-Furnished,1900000.0,Apartment,"Siddhartha Heights, Dwarka Sector 2",1.0
215,2400.0,4.0,4.0,Semi-Furnished,70000000.0,Apartment,"Find Homes, Greater Kailash 2",1.0
216,1350.0,3.0,2.0,Unfurnished,5130000.0,Apartment,MTNL Employees House Welfare Societ,1.0
217,540.0,2.0,2.0,Semi-Furnished,3000000.0,Apartment,"Adarsh Homes, Dwarka Mor",1.0
218,1387.0,4.0,4.0,Unfurnished,5890000.0,Apartment,"Delhi Homes Yojana, Dwarka Sector 2",1.0
219,540.0,2.0,2.0,Semi-Furnished,3300000.0,Apartment,"Kushwaha Homes, Uttam Nagar",1.0
220,976.0,2.0,2.0,Furnished,24900000.0,Apartment,"Godrej South Estate, Okhla",2.0
221,1050.0,3.0,2.0,Unfurnished,3700000.0,Apartment,"The Elite Spire, Dwarka Sector 21",1.0
222,2700.0,4.0,3.0,Semi-Furnished,60000000.0,Builder_Floor,"APL Builder Floor, Greater Kailash ",1.0
223,1500.0,3.0,2.0,Unfurnished,17400000.0,Apartment,"Kunj Vihar Apartment, Dwarka Sector",1.0
226,1000.0,3.0,2.0,Semi-Furnished,5510000.0,Builder_Floor,"Partap Homes, Bhagwati Vihar, Uttam",1.0
227,1135.0,3.0,3.0,Furnished,25000000.0,Apartment,"The Amaryllis, Karol Bagh",2.0
228,2306.0,3.0,3.0,Unfurnished,57000000.0,Apartment,"The Leela Sky Villas, Patel Nagar",1.0
229,850.0,2.0,2.0,Semi-Furnished,2940000.0,Apartment,"Diamond Heights Multi Estate, Najaf",1.0
230,1200.0,3.0,3.0,Semi-Furnished,15500000.0,Apartment,"Ashirwad Apartments, Dwarka Sector ",1.0
231,1700.0,3.0,2.0,Semi-Furnished,17200000.0,Apartment,"Sunny Valley Apartments, Dwarka",1.0
232,1800.0,4.0,3.0,Semi-Furnished,55000000.0,Builder_Floor,"Vasant Vihar Builder Floor, Vasant ",2.0
233,1100.0,2.0,2.0,Semi-Furnished,15000000.0,Apartment,Vasant Kunj,2.0
234,22050.0,4.0,4.0,Semi-Furnished,51000000.0,Builder_Floor,Greater Kailash 1,2.0
235,1550.0,4.0,3.0,Semi-Furnished,13000000.0,Builder_Floor,Rohini Sector 24,2.0
236,1600.0,3.0,3.0,Semi-Furnished,30000000.0,Builder_Floor,Greater Kailash 1,2.0
237,700.0,2.0,2.0,Semi-Furnished,2400000.0,Builder_Floor,"Khanpur, Madangir",2.0
238,45.0,4.0,3.0,Unfurnished,5500000.0,Builder_Floor,"Batla House, Okhla",2.0
239,3510.0,4.0,4.0,Semi-Furnished,45000000.0,Builder_Floor,"Friends Colony West, New Friends Co",2.0
240,4500.0,4.0,4.0,Semi-Furnished,60000000.0,Builder_Floor,New Friends Colony,1.0
241,1800.0,4.0,4.0,Semi-Furnished,65000000.0,Builder_Floor,New Friends Colony,2.0
243,4300.0,4.0,4.0,Unfurnished,60000000.0,Builder_Floor,other,2.0
244,1700.0,3.0,3.0,Semi-Furnished,38500000.0,Builder_Floor,"Friends Colony East, New Friends Co",2.0
245,2500.0,3.0,3.0,Semi-Furnished,50000000.0,Apartment,"Maharani Bagh, New Friends Colony",2.0
246,4500.0,4.0,4.0,Semi-Furnished,75000000.0,Builder_Floor,New Friends Colony,1.0
247,2450.0,4.0,4.0,Furnished,70000000.0,Builder_Floor,"Friends Colony West, New Friends Co",3.0
249,4800.0,3.0,4.0,Semi-Furnished,85000000.0,Builder_Floor,"Maharani Bagh, New Friends Colony",1.0
250,1600.0,3.0,3.0,Semi-Furnished,40000000.0,Apartment,New Friends Colony,2.0
251,3500.0,4.0,4.0,Unfurnished,90000000.0,Builder_Floor,New Friends Colony,2.0
254,1500.0,3.0,3.0,Semi-Furnished,60000000.0,Builder_Floor,New Friends Colony,2.0
256,2200.0,4.0,4.0,Semi-Furnished,50000000.0,Builder_Floor,other,2.0
258,2070.0,3.0,3.0,Semi-Furnished,37500000.0,Builder_Floor,"Friends Colony East, New Friends Co",2.0
259,3500.0,3.0,3.0,Unfurnished,45000000.0,Builder_Floor,"Maharani Bagh, New Friends Colony",1.0
260,2000.0,4.0,4.0,Semi-Furnished,70000000.0,Builder_Floor,New Friends Colony,3.0
261,2800.0,6.0,4.0,Semi-Furnished,29500000.0,Apartment,other,3.0
262,2550.0,4.0,4.0,Unfurnished,60000000.0,Builder_Floor,New Friends Colony,3.0
263,4500.0,4.0,4.0,Semi-Furnished,70000000.0,Builder_Floor,New Friends Colony,3.0
264,1400.0,3.0,3.0,Semi-Furnished,50000000.0,Builder_Floor,New Friends Colony,3.0
266,2700.0,4.0,4.0,Semi-Furnished,52500000.0,Builder_Floor,other,2.0
267,4500.0,4.0,4.0,Semi-Furnished,55000000.0,Builder_Floor,New Friends Colony,1.0
268,7200.0,4.0,4.0,Semi-Furnished,120000000.0,Builder_Floor,"Maharani Bagh, New Friends Colony",1.0
269,2799.0,4.0,4.0,Semi-Furnished,65000000.0,Builder_Floor,"Kailash Colony, Greater Kailash",2.0
270,2650.0,4.0,4.0,Unfurnished,75000000.0,Builder_Floor,"Kailash Colony, Greater Kailash",1.0
271,2200.0,4.0,4.0,Semi-Furnished,47500000.0,Builder_Floor,"Kailash Colony, Greater Kailash",1.0
273,2200.0,4.0,4.0,Semi-Furnished,47500000.0,Builder_Floor,"Kailash Colony, Greater Kailash",2.0
274,2200.0,4.0,4.0,Semi-Furnished,40000000.0,Builder_Floor,"Kailash Colony, Greater Kailash",1.0
275,3500.0,4.0,4.0,Semi-Furnished,85000000.0,Builder_Floor,"Kailash Colony, Greater Kailash",2.0
276,1440.0,3.0,3.0,Semi-Furnished,26000000.0,Builder_Floor,"Kailash Colony, Greater Kailash",1.0
277,3150.0,4.0,4.0,Semi-Furnished,35000000.0,Builder_Floor,"Kailash Colony, Greater Kailash",2.0
278,900.0,2.0,2.0,Semi-Furnished,20000000.0,Builder_Floor,"Kailash Colony, Greater Kailash",2.0
282,2799.0,4.0,4.0,Semi-Furnished,43000000.0,Builder_Floor,"Kailash Colony, Greater Kailash",2.0
283,1350.0,3.0,3.0,Unfurnished,26000000.0,Builder_Floor,"Kailash Colony, Greater Kailash",1.0
284,1200.0,3.0,3.0,Unfurnished,25000000.0,Builder_Floor,"Kailash Colony, Greater Kailash",1.0
286,1500.0,3.0,3.0,Semi-Furnished,40000000.0,Builder_Floor,"Kailash Colony, Greater Kailash",1.0
287,1600.0,3.0,3.0,Unfurnished,22500000.0,Builder_Floor,"Kailash Colony, Greater Kailash",1.0
288,4500.0,4.0,4.0,Semi-Furnished,70000000.0,Builder_Floor,"Kailash Colony, Greater Kailash",1.0
289,2150.0,4.0,4.0,Unfurnished,45000000.0,Builder_Floor,"Kailash Colony, Greater Kailash",1.0
290,2107.0,4.0,4.0,Semi-Furnished,51100000.0,Apartment,"Kailash Colony, Greater Kailash",1.0
291,1150.0,3.0,3.0,Semi-Furnished,25500000.0,Builder_Floor,"Kailash Colony, Greater Kailash",1.0
292,1240.0,3.0,3.0,Unfurnished,26500000.0,Builder_Floor,"Kailash Colony, Greater Kailash",1.0
293,1000.0,2.0,2.0,Unfurnished,15000000.0,Builder_Floor,"Kailash Colony, Greater Kailash",2.0
294,4500.0,4.0,4.0,Semi-Furnished,55000000.0,Builder_Floor,"Kailash Colony, Greater Kailash",2.0
295,1150.0,3.0,3.0,Semi-Furnished,26000000.0,Builder_Floor,"Kailash Colony, Greater Kailash",1.0
296,2000.0,4.0,4.0,Semi-Furnished,38000000.0,Builder_Floor,"Kailash Colony, Greater Kailash",1.0
299,700.0,2.0,2.0,Unfurnished,4600000.0,Builder_Floor,"Ram Nagar, Shahdara",1.0
300,750.0,2.0,2.0,Semi-Furnished,9200000.0,Builder_Floor,other,1.0
301,1350.0,4.0,3.0,Unfurnished,9500000.0,Apartment,"Hans Apartments, Vishwas Nagar, Sha",1.0
302,900.0,2.0,2.0,Semi-Furnished,4500000.0,Builder_Floor,"Naveen Shahdara, Shahdara",1.0
303,970.0,3.0,2.0,Semi-Furnished,6500000.0,Builder_Floor,"Balbir Nagar, Shahdara",1.0
304,1000.0,3.0,2.0,Furnished,5650000.0,Builder_Floor,other,1.0
305,1425.0,3.0,3.0,Semi-Furnished,9300000.0,Builder_Floor,"Naveen Shahdara, Shahdara",1.0
306,440.0,2.0,2.0,Unfurnished,2700000.0,Apartment,Shahdara,1.0
307,1017.0,2.0,2.0,Furnished,6500000.0,Builder_Floor,other,1.0
308,650.0,2.0,2.0,Semi-Furnished,5800000.0,Apartment,other,1.0
309,950.0,3.0,2.0,Semi-Furnished,5500000.0,Apartment,Shahdara,4.0
310,810.0,3.0,2.0,Semi-Furnished,6000000.0,Builder_Floor,"Yamuna Vihar, Shahdara",1.0
311,750.0,2.0,2.0,Unfurnished,4500000.0,Builder_Floor,"Balbir Nagar, Shahdara",1.0
312,990.0,2.0,2.0,Semi-Furnished,4100000.0,Builder_Floor,Shahdara,1.0
313,800.0,3.0,2.0,Semi-Furnished,3800000.0,Builder_Floor,"Ram Nagar, Shahdara",1.0
314,675.0,2.0,1.0,Unfurnished,3300000.0,Apartment,Shahdara,1.0
315,558.0,2.0,1.0,Unfurnished,2900000.0,Builder_Floor,other,1.0
316,445.0,2.0,1.0,Unfurnished,2000000.0,Builder_Floor,"Ram Nagar Extension, Shahdara",1.0
317,360.0,2.0,1.0,Unfurnished,1550000.0,Builder_Floor,other,1.0
318,1350.0,4.0,3.0,Semi-Furnished,11300000.0,Builder_Floor,"Mansarowar Park, Shahdara",1.0
319,850.0,3.0,2.0,Semi-Furnished,4500000.0,Builder_Floor,other,1.0
320,846.0,2.0,1.0,Unfurnished,3300000.0,Apartment,other,1.0
321,1300.0,4.0,3.0,Furnished,11500000.0,Builder_Floor,"Mansarowar Park, Shahdara",1.0
322,900.0,3.0,2.0,Semi-Furnished,6000000.0,Builder_Floor,"Ram Nagar Extension, Shahdara",1.0
323,1050.0,3.0,2.0,Semi-Furnished,9000000.0,Apartment,"Hans Apartments, Vishwas Nagar, Sha",1.0
324,850.0,2.0,2.0,Furnished,4500000.0,Builder_Floor,"Jyoti Colony, Shahdara",1.0
325,1650.0,4.0,3.0,Furnished,14000000.0,Apartment,Shahdara,1.0
326,1150.0,2.0,2.0,Semi-Furnished,7300000.0,Apartment,other,1.0
327,495.1394,1.0,1.0,Furnished,1900000.0,Builder_Floor,Shahdara,1.0
328,1053.0,3.0,2.0,Furnished,7000000.0,Builder_Floor,"Naveen Shahdara, Shahdara",1.0
329,810.0,3.0,2.0,Semi-Furnished,6000000.0,Builder_Floor,"Yamuna Vihar, Shahdara",1.0
330,750.0,1.0,2.0,Semi-Furnished,6400000.0,Builder_Floor,"Yamuna Vihar, Shahdara",1.0
331,540.0,2.0,1.0,Furnished,2700000.0,Apartment,"Yamuna Vihar, Shahdara",1.0
332,747.0,2.0,2.0,Furnished,6500000.0,Builder_Floor,"Yamuna Vihar, Shahdara",1.0
333,720.0,2.0,1.0,Unfurnished,4000000.0,Builder_Floor,"Yamuna Vihar, Shahdara",1.0
334,376.7365,1.0,1.0,Semi-Furnished,3000000.0,Apartment,"Yamuna Vihar, Shahdara",2.0
335,1125.0,2.0,2.0,Unfurnished,5000000.0,Builder_Floor,"Yamuna Vihar, Shahdara",2.0
336,713.0,2.0,2.0,Semi-Furnished,6000000.0,Builder_Floor,"Yamuna Vihar, Shahdara",2.0
337,360.0,1.0,1.0,Unfurnished,2500000.0,Builder_Floor,"Yamuna Vihar, Shahdara",2.0
338,900.0,2.0,2.0,Semi-Furnished,6500000.0,Apartment,"Yamuna Vihar, Shahdara",1.0
339,713.0,3.0,1.0,Unfurnished,8000000.0,Apartment,"Yamuna Vihar, Shahdara",1.0
340,504.0,2.0,1.0,Furnished,2700000.0,Builder_Floor,"Yamuna Vihar, Shahdara",1.0
341,70.0,1.0,2.0,Unfurnished,4500000.0,Apartment,"Yamuna Vihar, Shahdara",1.0
342,850.0,3.0,2.0,Furnished,5700000.0,Builder_Floor,"Yamuna Vihar, Shahdara",1.0
343,2430.0,4.0,3.0,Furnished,25000000.0,Builder_Floor,"Yamuna Vihar, Shahdara",1.0
344,2475.0,3.0,3.0,Furnished,70000000.0,Builder_Floor,"Yamuna Vihar, Shahdara",1.0
345,2970.0,7.0,4.0,Furnished,26500000.0,Builder_Floor,"Yamuna Vihar, Shahdara",1.0
346,2250.0,3.0,2.0,Furnished,18500000.0,Builder_Floor,"Yamuna Vihar, Shahdara",1.0
347,1500.0,5.0,3.0,Furnished,30000000.0,Builder_Floor,"Yamuna Vihar, Shahdara",1.0
348,1512.0,2.0,2.0,Furnished,22000000.0,Builder_Floor,"Yamuna Vihar, Shahdara",2.0
349,400.0,2.0,2.0,Furnished,9000000.0,Builder_Floor,other,2.0
350,2160.0,3.0,3.0,Furnished,65000000.0,Builder_Floor,"Yamuna Vihar, Shahdara",2.0
351,630.0,3.0,2.0,Furnished,22500000.0,Builder_Floor,"Yamuna Vihar, Shahdara",2.0
352,324.0,6.0,3.0,Furnished,8700000.0,Builder_Floor,"Yamuna Vihar, Shahdara",2.0
354,675.0,4.0,2.0,Furnished,18500000.0,Builder_Floor,"Yamuna Vihar, Shahdara",2.0
355,700.0,2.0,1.0,Furnished,16000000.0,Builder_Floor,"Yamuna Vihar, Shahdara",1.0
356,675.0,4.0,3.0,Furnished,16000000.0,Builder_Floor,"Yamuna Vihar, Shahdara",1.0
357,720.0,4.0,2.0,Furnished,9000000.0,Builder_Floor,"Yamuna Vihar, Shahdara",1.0
358,850.0,2.0,2.0,Furnished,4500000.0,Builder_Floor,"Jyoti Colony, Shahdara",1.0
359,801.0,3.0,2.0,Semi-Furnished,6000000.0,Builder_Floor,Laxmi Nagar,1.0
360,450.0,1.0,2.0,Unfurnished,2700000.0,Builder_Floor,Laxmi Nagar,1.0
361,1000.0,3.0,2.0,Unfurnished,6500000.0,Apartment,Laxmi Nagar,1.0
362,990.0,3.0,2.0,Unfurnished,4000000.0,Apartment,Laxmi Nagar,1.0
363,420.0,2.0,1.0,Semi-Furnished,2600000.0,Builder_Floor,Laxmi Nagar,1.0
364,450.0,2.0,1.0,Semi-Furnished,3500000.0,Builder_Floor,Laxmi Nagar,1.0
365,1000.0,2.0,2.0,Unfurnished,7500000.0,Apartment,Laxmi Nagar,1.0
366,900.0,3.0,2.0,Semi-Furnished,7000000.0,Builder_Floor,Laxmi Nagar,1.0
367,800.0,3.0,2.0,Semi-Furnished,4500000.0,Builder_Floor,Laxmi Nagar,1.0
368,720.0,3.0,3.0,Semi-Furnished,5500000.0,Builder_Floor,Laxmi Nagar,1.0
369,450.0,2.0,1.0,Semi-Furnished,2700000.0,Builder_Floor,Laxmi Nagar,1.0
370,675.0,2.0,2.0,Furnished,2400000.0,Builder_Floor,Laxmi Nagar,1.0
371,1700.0,4.0,3.0,Unfurnished,11500000.0,Builder_Floor,Laxmi Nagar,1.0
372,550.0,2.0,2.0,Unfurnished,3600000.0,Builder_Floor,"Guru Angad Nagar West, Laxmi Nagar",1.0
373,387.0,1.0,2.0,Unfurnished,1700000.0,Builder_Floor,"Guru Angad Nagar West, Laxmi Nagar",1.0
374,450.0,2.0,1.0,Unfurnished,2500000.0,Apartment,"Lalita Park, Laxmi Nagar",1.0
375,900.0,4.0,2.0,Furnished,6600000.0,Builder_Floor,Laxmi Nagar,1.0
376,500.0,2.0,1.0,Semi-Furnished,3700000.0,Builder_Floor,Laxmi Nagar,1.0
377,441.0,2.0,1.0,Unfurnished,3500000.0,Apartment,other,1.0
378,800.0,3.0,2.0,Semi-Furnished,5400000.0,Builder_Floor,"Lalita Park, Laxmi Nagar",1.0
379,450.0,2.0,2.0,Semi-Furnished,2550000.0,Builder_Floor,other,1.0
380,1000.0,3.0,3.0,Furnished,12500000.0,Builder_Floor,other,1.0
381,715.0,2.0,2.0,Unfurnished,5600000.0,Apartment,Laxmi Nagar,1.0
382,600.0,2.0,2.0,Unfurnished,7000000.0,Builder_Floor,Laxmi Nagar,1.0
383,540.0,2.0,1.0,Unfurnished,3500000.0,Builder_Floor,Laxmi Nagar,1.0
384,312.0,4.0,4.0,Furnished,35000000.0,Apartment,other,1.0
385,810.0,3.0,2.0,Semi-Furnished,9000000.0,Builder_Floor,Laxmi Nagar,1.0
386,270.0,1.0,1.0,Semi-Furnished,2300000.0,Builder_Floor,"Guru Angad Nagar West, Laxmi Nagar",1.0
387,900.0,3.0,2.0,Semi-Furnished,6000000.0,Builder_Floor,Laxmi Nagar,1.0
388,1000.0,3.0,2.0,Unfurnished,6000000.0,Apartment,Laxmi Nagar,1.0
389,540.0,2.0,2.0,Semi-Furnished,2650000.0,Builder_Floor,Uttam Nagar,1.0
390,950.0,3.0,2.0,Furnished,4370000.0,Apartment,"Uttam Nagar Floors, Uttam Nagar",1.0
391,1000.0,3.0,2.0,Unfurnished,4620000.0,Apartment,"Virat Residency, Dwarka Mor",1.0
392,540.0,2.0,2.0,Semi-Furnished,3000000.0,Apartment,"Adarsh Homes, Dwarka Mor",1.0
393,540.0,2.0,2.0,Semi-Furnished,3300000.0,Apartment,"Kushwaha Homes, Uttam Nagar",1.0
394,1000.0,3.0,2.0,Semi-Furnished,5510000.0,Builder_Floor,"Partap Homes, Bhagwati Vihar, Uttam",1.0
395,500.0,2.0,2.0,Semi-Furnished,3200000.0,Builder_Floor,Dwarka Mor,1.0
396,540.0,2.0,2.0,Semi-Furnished,2600000.0,Builder_Floor,Uttam Nagar West,1.0
397,780.0,3.0,2.0,Semi-Furnished,4000000.0,Builder_Floor,Uttam Nagar,1.0
398,450.0,2.0,1.0,Semi-Furnished,1850000.0,Builder_Floor,Uttam Nagar West,1.0
399,360.0,1.0,1.0,Semi-Furnished,1700000.0,Builder_Floor,Uttam Nagar,1.0
400,900.0,3.0,2.0,Semi-Furnished,2800000.0,Builder_Floor,"SB Residency, Dwarka Mor",1.0
401,495.0,2.0,2.0,Semi-Furnished,2150000.0,Builder_Floor,Uttam Nagar West,1.0
402,1200.0,4.0,3.0,Semi-Furnished,6800000.0,Builder_Floor,"SB Residency, Dwarka Mor",1.0
403,1000.0,3.0,2.0,Semi-Furnished,6200000.0,Builder_Floor,Uttam Nagar,1.0
404,620.0,2.0,2.0,Semi-Furnished,3100000.0,Builder_Floor,Uttam Nagar,3.0
405,680.0,3.0,2.0,Semi-Furnished,3400000.0,Builder_Floor,Dwarka Mor,1.0
406,805.0,2.0,2.0,Unfurnished,4000000.0,Builder_Floor,other,3.0
407,729.0,2.0,2.0,Semi-Furnished,4800000.0,Builder_Floor,other,1.0
408,540.0,2.0,2.0,Semi-Furnished,2500000.0,Builder_Floor,Uttam Nagar,2.0
409,360.0,1.0,1.0,Semi-Furnished,2000000.0,Builder_Floor,Uttam Nagar,2.0
410,550.0,2.0,2.0,Semi-Furnished,1900000.0,Builder_Floor,Uttam Nagar West,2.0
411,1001.0,3.0,2.0,Furnished,5800000.0,Builder_Floor,other,2.0
412,450.0,2.0,2.0,Unfurnished,2900000.0,Builder_Floor,Dwarka Mor,2.0
413,550.0,2.0,1.0,Semi-Furnished,2000000.0,Builder_Floor,Uttam Nagar West,2.0
414,550.0,2.0,2.0,Semi-Furnished,2600000.0,Builder_Floor,other,2.0
415,675.0,2.0,1.0,Unfurnished,2900000.0,Builder_Floor,Uttam Nagar,3.0
416,585.0,2.0,2.0,Unfurnished,3200000.0,Builder_Floor,Uttam Nagar,3.0
417,810.0,3.0,2.0,Semi-Furnished,5400000.0,Builder_Floor,other,1.0
418,765.0,3.0,2.0,Semi-Furnished,3800000.0,Builder_Floor,Dwarka Mor,1.0
419,4688.0,5.0,4.0,Unfurnished,135000000.0,Apartment,"The Leela Sky Villas, Patel Nagar",1.0
420,3901.0,4.0,4.0,Unfurnished,93000000.0,Apartment,"The Leela Sky Villas, Patel Nagar",1.0
421,70.0,2.0,3.0,Furnished,8200000.0,Builder_Floor,other,1.0
422,800.0,3.0,2.0,Unfurnished,8000000.0,Builder_Floor,Patel Nagar West,1.0
423,900.0,3.0,2.0,Semi-Furnished,9500000.0,Builder_Floor,Patel Nagar West,1.0
425,900.0,2.0,2.0,Furnished,7400000.0,Builder_Floor,Patel Nagar West,1.0
426,2000.0,3.0,3.0,Semi-Furnished,37500000.0,Apartment,"Patel Nagar East, Patel Nagar",1.0
427,2000.0,4.0,4.0,Semi-Furnished,15000000.0,Builder_Floor,Patel Nagar West,1.0
428,1900.0,3.0,3.0,Semi-Furnished,55300000.0,Apartment,"The Leela Sky Villas, Patel Nagar",2.0
429,1530.0,3.0,3.0,Semi-Furnished,26500000.0,Builder_Floor,"Patel Nagar East, Patel Nagar",1.0
430,100.0,3.0,2.0,Semi-Furnished,16000000.0,Apartment,"Patel Nagar East, Patel Nagar",1.0
431,900.0,3.0,2.0,Furnished,10400000.0,Builder_Floor,Patel Nagar West,2.0
432,270.0,1.0,1.0,Unfurnished,1700000.0,Builder_Floor,Patel Nagar West,2.0
433,950.0,2.0,2.0,Semi-Furnished,8000000.0,Builder_Floor,Patel Nagar West,2.0
434,1800.0,3.0,3.0,Semi-Furnished,27000000.0,Builder_Floor,"Patel Nagar East, Patel Nagar",1.0
435,1500.0,3.0,3.0,Semi-Furnished,19500000.0,Builder_Floor,Patel Nagar West,1.0
436,1800.0,3.0,3.0,Furnished,50000000.0,Apartment,"Patel Nagar East, Patel Nagar",1.0
437,1800.0,3.0,3.0,Unfurnished,21100000.0,Builder_Floor,Patel Nagar West,1.0
438,2306.0,3.0,3.0,Unfurnished,57000000.0,Apartment,"The Leela Sky Villas, Patel Nagar",1.0
439,850.0,2.0,3.0,Semi-Furnished,5900000.0,Builder_Floor,Patel Nagar West,2.0
440,140.0,3.0,2.0,Unfurnished,12000000.0,Builder_Floor,other,2.0
441,900.0,3.0,2.0,Unfurnished,12000000.0,Builder_Floor,Patel Nagar West,2.0
442,1800.0,3.0,3.0,Unfurnished,24000000.0,Apartment,Patel Nagar West,2.0
443,200.0,1.0,1.0,Semi-Furnished,7000000.0,Apartment,"Patel Nagar East, Patel Nagar",1.0
444,1782.0,3.0,3.0,Semi-Furnished,15000000.0,Apartment,"Patel Nagar East, Patel Nagar",1.0
445,900.0,2.0,2.0,Furnished,1500000.0,Builder_Floor,"Baljit Nagar, Patel Nagar",1.0
446,405.0,2.0,1.0,Semi-Furnished,3950000.0,Apartment,Patel Nagar West,1.0
447,1500.0,3.0,3.0,Unfurnished,12500000.0,Builder_Floor,Patel Nagar West,1.0
448,66.0,3.0,1.0,Unfurnished,1600000.0,Apartment,"Baljit Nagar, Patel Nagar",2.0
449,2000.0,4.0,4.0,Unfurnished,36500000.0,Apartment,"DDA Flats Vasant Kunj, Vasant Kunj ",2.0
450,1200.0,3.0,2.0,Semi-Furnished,20000000.0,Apartment,"DDA Flats Vasant Kunj, Vasant Kunj ",2.0
451,1100.0,2.0,2.0,Semi-Furnished,15000000.0,Apartment,Vasant Kunj,3.0
452,1400.0,3.0,2.0,Semi-Furnished,25000000.0,Apartment,Vasant Kunj,1.0
453,1600.0,3.0,2.0,Semi-Furnished,18500000.0,Apartment,"DDA Flats Vasant Kunj, Vasant Kunj",1.0
454,1600.0,4.0,3.0,Unfurnished,23500000.0,Apartment,other,1.0
455,600.0,1.0,1.0,Semi-Furnished,8000000.0,Apartment,Vasant Kunj,1.0
456,1600.0,3.0,2.0,Unfurnished,23000000.0,Apartment,other,4.0
457,2000.0,3.0,3.0,Unfurnished,31000000.0,Apartment,"DDA Flats Vasant Kunj, Vasant Kunj",2.0
458,650.0,1.0,2.0,Semi-Furnished,7400000.0,Apartment,"DDA Flats Sector E Pocket 1, Vasant",1.0
459,1100.0,2.0,2.0,Unfurnished,15500000.0,Apartment,Vasant Kunj,1.0
460,1075.0,2.0,2.0,Semi-Furnished,12000000.0,Apartment,"DDA Flats Sector E Pocket 1, Vasant",1.0
461,1450.0,3.0,2.0,Semi-Furnished,23500000.0,Apartment,"DDA Flats Vasant Kunj, Vasant Kunj ",1.0
462,1200.0,3.0,2.0,Semi-Furnished,25000000.0,Apartment,other,1.0
463,600.0,1.0,2.0,Unfurnished,7000000.0,Apartment,other,1.0
464,1000.0,2.0,2.0,Unfurnished,17500000.0,Apartment,"DDA Flats Vasant Kunj, Vasant Kunj",1.0
465,1600.0,3.0,2.0,Semi-Furnished,25000000.0,Apartment,"Ganga Apartment Sector D Pocket 6, ",1.0
466,1750.0,4.0,4.0,Unfurnished,29000000.0,Apartment,Vasant Kunj Sector C,1.0
467,1300.0,3.0,3.0,Semi-Furnished,21900000.0,Apartment,"DDA Flats Sector E Pocket 1, Vasant",1.0
468,550.0,1.0,2.0,Furnished,7500000.0,Apartment,other,1.0
469,2200.0,4.0,3.0,Semi-Furnished,23500000.0,Apartment,"DDA Flats Vasant Kunj, Vasant Kunj ",1.0
470,1100.0,2.0,2.0,Semi-Furnished,24000000.0,Apartment,Vasant Kunj Sector C,1.0
471,1700.0,3.0,2.0,Semi-Furnished,31000000.0,Builder_Floor,Vasant Kunj,1.0
472,1100.0,2.0,2.0,Semi-Furnished,16500000.0,Apartment,Vasant Kunj,1.0
473,1000.0,2.0,2.0,Furnished,5000000.0,Builder_Floor,other,1.0
474,1350.0,3.0,2.0,Furnished,24000000.0,Apartment,other,2.0
475,1184.0,2.0,2.0,Semi-Furnished,17000000.0,Apartment,"Ganga Apartment Sector D Pocket 6, ",1.0
476,2000.0,4.0,2.0,Furnished,40000000.0,Apartment,other,1.0
477,3500.0,4.0,4.0,Semi-Furnished,22500000.0,Builder_Floor,Vasant Kunj,1.0
478,900.0,3.0,3.0,Furnished,20000000.0,Builder_Floor,Vasant Kunj,1.0
479,4688.0,5.0,4.0,Unfurnished,135000000.0,Apartment,"The Leela Sky Villas, Patel Nagar",2.0
480,750.0,2.0,2.0,Semi-Furnished,5000000.0,Apartment,"J R Designers Floors, Rohini Sector",1.0
481,3901.0,4.0,4.0,Unfurnished,93000000.0,Apartment,"The Leela Sky Villas, Patel Nagar",2.0
482,950.0,3.0,2.0,Furnished,4370000.0,Apartment,"Uttam Nagar Floors, Uttam Nagar",1.0
483,1000.0,3.0,2.0,Unfurnished,4620000.0,Apartment,"Virat Residency, Dwarka Mor",1.0
484,850.0,2.0,1.0,Semi-Furnished,1900000.0,Apartment,"Siddhartha Heights, Dwarka Sector 2",1.0
485,2400.0,4.0,4.0,Semi-Furnished,70000000.0,Apartment,"Find Homes, Greater Kailash 2",1.0
497,1135.0,3.0,3.0,Furnished,25000000.0,Apartment,"The Amaryllis, Karol Bagh",1.0
498,2306.0,3.0,3.0,Unfurnished,57000000.0,Apartment,"The Leela Sky Villas, Patel Nagar",1.0
499,850.0,2.0,2.0,Semi-Furnished,2940000.0,Apartment,"Diamond Heights Multi Estate, Najaf",1.0
500,1200.0,3.0,3.0,Semi-Furnished,15500000.0,Apartment,"Ashirwad Apartments, Dwarka Sector ",1.0
501,1700.0,3.0,2.0,Semi-Furnished,17200000.0,Apartment,"Sunny Valley Apartments, Dwarka",1.0
502,1800.0,4.0,3.0,Semi-Furnished,55000000.0,Builder_Floor,"Vasant Vihar Builder Floor, Vasant ",1.0
503,1100.0,2.0,2.0,Semi-Furnished,15000000.0,Apartment,Vasant Kunj,1.0
504,22050.0,4.0,4.0,Semi-Furnished,51000000.0,Builder_Floor,Greater Kailash 1,1.0
505,1550.0,4.0,3.0,Semi-Furnished,13000000.0,Builder_Floor,Rohini Sector 24,1.0
506,1600.0,3.0,3.0,Semi-Furnished,30000000.0,Builder_Floor,Greater Kailash 1,1.0
507,700.0,2.0,2.0,Semi-Furnished,2400000.0,Builder_Floor,"Khanpur, Madangir",1.0
508,45.0,4.0,3.0,Unfurnished,5500000.0,Builder_Floor,"Batla House, Okhla",1.0
513,1250.0,2.0,1.0,Semi-Furnished,7500000.0,Apartment,other,1.0
514,504.0,3.0,1.0,Semi-Furnished,3600000.0,Apartment,"Seelampur, Shahdara",1.0
515,65.0,3.0,2.0,Semi-Furnished,35000000.0,Apartment,other,2.0
516,450.0,2.0,1.0,Unfurnished,6000000.0,Apartment,"Seelampur, Shahdara",1.0
517,1800.0,4.0,2.0,Furnished,17500000.0,Builder_Floor,other,1.0
518,1800.0,4.0,3.0,Furnished,35000000.0,Builder_Floor,other,3.0
519,1530.0,5.0,2.0,Furnished,10200000.0,Builder_Floor,other,1.0
520,1750.0,4.0,4.0,Unfurnished,29000000.0,Apartment,Vasant Kunj Sector C,1.0
521,2210.0,4.0,3.0,Semi-Furnished,41000000.0,Builder_Floor,"Sukhdev Vihar, Okhla",2.0
522,760.0,3.0,2.0,Furnished,6000000.0,Builder_Floor,Geeta Colony,1.0
523,400.0,2.0,1.0,Furnished,2500000.0,Apartment,other,2.0
524,380.0,1.0,1.0,Unfurnished,2200000.0,Builder_Floor,Geeta Colony,1.0
525,904.1676,2.0,2.0,Furnished,21500000.0,Apartment,other,1.0
526,900.0,4.0,1.0,Furnished,15000000.0,Apartment,"Shastri Park, Shahdara",1.0
528,100.0,3.0,2.0,Unfurnished,5500000.0,Builder_Floor,Geeta Colony,3.0
529,50.0,2.0,1.0,Semi-Furnished,1950000.0,Apartment,"Shastri Park, Shahdara",1.0
530,58.0,2.0,1.0,Unfurnished,3800000.0,Apartment,Geeta Colony,2.0
531,900.0,2.0,1.0,Semi-Furnished,6200000.0,Builder_Floor,other,2.0
532,1650.0,4.0,3.0,Furnished,14000000.0,Apartment,Shahdara,1.0
533,1000.0,2.0,2.0,Unfurnished,7500000.0,Apartment,Laxmi Nagar,2.0
534,852.0,2.0,2.0,Unfurnished,2670000.0,Apartment,other,2.0
535,700.0,2.0,2.0,Semi-Furnished,2500000.0,Apartment,Shahdara,2.0
536,990.0,3.0,2.0,Unfurnished,4000000.0,Apartment,Laxmi Nagar,2.0
537,450.0,2.0,1.0,Semi-Furnished,3500000.0,Builder_Floor,Laxmi Nagar,1.0
538,1000.0,2.0,2.0,Unfurnished,5000000.0,Apartment,Laxmi Nagar,1.0
539,1700.0,4.0,3.0,Semi-Furnished,29500000.0,Builder_Floor,Saket,1.0
540,1350.0,3.0,2.0,Unfurnished,19000000.0,Builder_Floor,other,2.0
541,2100.0,4.0,3.0,Furnished,25500000.0,Apartment,Saket,1.0
544,1450.0,3.0,3.0,Semi-Furnished,34000000.0,Builder_Floor,"RWA Flats, Saket",4.0
545,2050.0,4.0,4.0,Semi-Furnished,47500000.0,Builder_Floor,Saket,3.0
547,1800.0,3.0,3.0,Semi-Furnished,23000000.0,Apartment,other,1.0
548,900.0,3.0,2.0,Semi-Furnished,24000000.0,Apartment,"Press Enclave Society, Saket",2.0
549,1500.0,3.0,2.0,Semi-Furnished,21500000.0,Apartment,"RWA Flats, Saket",1.0
550,1500.0,3.0,2.0,Semi-Furnished,28500000.0,Builder_Floor,Saket,1.0
551,1800.0,4.0,4.0,Semi-Furnished,12500000.0,Builder_Floor,other,1.0
552,1674.0,3.0,3.0,Unfurnished,45000000.0,Builder_Floor,Saket,1.0
553,2025.0,4.0,3.0,Furnished,30500000.0,Builder_Floor,Saket,1.0
554,1300.0,3.0,3.0,Semi-Furnished,22500000.0,Builder_Floor,Saket,1.0
555,990.0,3.0,3.0,Furnished,28000000.0,Apartment,"Press Enclave Society, Saket",1.0
556,2100.0,3.0,4.0,Semi-Furnished,25000000.0,Builder_Floor,Saket,2.0
557,2250.0,4.0,4.0,Semi-Furnished,33700000.0,Builder_Floor,Saket,1.0
558,1500.0,3.0,3.0,Semi-Furnished,27000000.0,Builder_Floor,Saket,1.0
559,2700.0,4.0,4.0,Semi-Furnished,43500000.0,Builder_Floor,Saket,1.0
560,1700.0,3.0,3.0,Semi-Furnished,29000000.0,Builder_Floor,"RWA Flats, Saket",3.0
561,1700.0,3.0,3.0,Semi-Furnished,30000000.0,Builder_Floor,Saket,1.0
562,2050.0,4.0,4.0,Semi-Furnished,52100000.0,Apartment,Saket,2.0
563,1800.0,3.0,3.0,Unfurnished,32500000.0,Builder_Floor,Saket,1.0
564,1500.0,3.0,2.0,Semi-Furnished,20500000.0,Apartment,Saket,3.0
565,2000.0,4.0,3.0,Semi-Furnished,25000000.0,Apartment,Saket,1.0
566,1500.0,3.0,3.0,Semi-Furnished,30000000.0,Builder_Floor,Saket,1.0
569,1800.0,3.0,3.0,Semi-Furnished,37500000.0,Builder_Floor,Safdarjung Enclave,1.0
570,1300.0,3.0,3.0,Semi-Furnished,32500000.0,Builder_Floor,"Arjun Nagar, Safdarjung Enclave",1.0
571,1500.0,3.0,3.0,Semi-Furnished,37500000.0,Builder_Floor,Safdarjung Enclave,1.0
572,2100.0,4.0,4.0,Semi-Furnished,55000000.0,Builder_Floor,Safdarjung Enclave,1.0
573,1800.0,4.0,4.0,Semi-Furnished,87500000.0,Builder_Floor,Safdarjung Enclave,1.0
574,1100.0,2.0,2.0,Unfurnished,16300000.0,Apartment,Safdarjung Enclave,1.0
575,2035.0,4.0,4.0,Unfurnished,65000000.0,Builder_Floor,Safdarjung Enclave,1.0
576,1100.0,3.0,3.0,Unfurnished,25000000.0,Builder_Floor,other,1.0
577,1550.0,3.0,3.0,Semi-Furnished,38000000.0,Builder_Floor,Safdarjung Enclave,1.0
578,700.0,2.0,2.0,Unfurnished,15000000.0,Builder_Floor,Safdarjung Enclave,1.0
579,150.0,2.0,1.0,Semi-Furnished,2000000.0,Apartment,"Arjun Nagar, Safdarjung Enclave",1.0
580,540.0,1.0,1.0,Unfurnished,3000000.0,Builder_Floor,"Arjun Nagar, Safdarjung Enclave",2.0
581,810.0,2.0,2.0,Semi-Furnished,8500000.0,Builder_Floor,Krishna Nagar-Safdarjung Enclave,2.0
582,3250.0,4.0,4.0,Semi-Furnished,55000000.0,Builder_Floor,other,2.0
583,1600.0,3.0,3.0,Semi-Furnished,22500000.0,Builder_Floor,Safdarjung Enclave,2.0
584,4000.0,4.0,4.0,Semi-Furnished,72500000.0,Builder_Floor,Safdarjung Enclave,2.0
586,900.0,3.0,3.0,Semi-Furnished,12500000.0,Builder_Floor,Krishna Nagar-Safdarjung Enclave,1.0
587,972.0,2.0,2.0,Semi-Furnished,17000000.0,Apartment,Safdarjung Enclave,1.0
588,4150.0,4.0,4.0,Unfurnished,82500000.0,Builder_Floor,Safdarjung Enclave,1.0
590,1650.0,3.0,3.0,Semi-Furnished,35000000.0,Builder_Floor,Safdarjung Enclave,1.0
591,2610.0,4.0,4.0,Semi-Furnished,42500000.0,Builder_Floor,other,1.0
592,600.0,2.0,2.0,Semi-Furnished,4700000.0,Builder_Floor,"Arjun Nagar, Safdarjung Enclave",1.0
594,2250.0,4.0,4.0,Semi-Furnished,80000000.0,Builder_Floor,Safdarjung Enclave,1.0
595,880.0,3.0,2.0,Unfurnished,11000000.0,Builder_Floor,"Arjun Nagar, Safdarjung Enclave",1.0
597,1450.0,3.0,3.0,Semi-Furnished,37500000.0,Builder_Floor,other,2.0
598,2200.0,4.0,4.0,Semi-Furnished,52500000.0,Builder_Floor,other,1.0
599,1620.0,3.0,3.0,Semi-Furnished,26000000.0,Builder_Floor,other,1.0
600,1078.0,3.0,2.0,Unfurnished,15500000.0,Builder_Floor,Paschim Vihar,1.0
601,1710.0,3.0,3.0,Unfurnished,22000000.0,Builder_Floor,"Pushkar Enclave, Paschim Vihar",1.0
602,1150.0,3.0,3.0,Semi-Furnished,21000000.0,Builder_Floor,other,1.0
603,450.0,2.0,2.0,Semi-Furnished,5000000.0,Builder_Floor,"Paschimpuri, Paschim Vihar",1.0
604,1818.0,3.0,3.0,Unfurnished,22000000.0,Builder_Floor,Paschim Vihar,1.0
605,1800.0,3.0,2.0,Unfurnished,26500000.0,Builder_Floor,Paschim Vihar Block B4,1.0
606,780.0,2.0,2.0,Unfurnished,8770000.0,Builder_Floor,other,1.0
607,405.0,1.0,1.0,Semi-Furnished,4500000.0,Apartment,other,1.0
608,900.0,2.0,3.0,Semi-Furnished,8500000.0,Apartment,Paschim Vihar,1.0
609,807.2925,2.0,2.0,Unfurnished,8600000.0,Apartment,other,1.0
610,2700.0,4.0,3.0,Semi-Furnished,42500000.0,Builder_Floor,"Guru Harikishan Nagar, Paschim Viha",1.0
611,1100.0,3.0,2.0,Semi-Furnished,13100000.0,Apartment,Paschim Vihar,1.0
612,585.0,2.0,2.0,Unfurnished,7000000.0,Apartment,"Paschimpuri, Paschim Vihar",1.0
613,2152.78,3.0,3.0,Furnished,30000000.0,Builder_Floor,other,1.0
614,960.0,2.0,2.0,Semi-Furnished,13000000.0,Apartment,other,1.0
615,1800.0,4.0,3.0,Unfurnished,23100000.0,Builder_Floor,other,1.0
616,1100.0,3.0,2.0,Semi-Furnished,16000000.0,Apartment,Paschim Vihar,1.0
617,900.0,2.0,2.0,Unfurnished,12500000.0,Builder_Floor,Paschim Vihar,1.0
618,1620.0,3.0,3.0,Furnished,24500000.0,Builder_Floor,other,1.0
619,378.0,1.0,1.0,Unfurnished,3200000.0,Apartment,"Paschimpuri, Paschim Vihar",1.0
620,800.0,3.0,2.0,Unfurnished,6300000.0,Apartment,other,1.0
621,1350.0,3.0,3.0,Semi-Furnished,15000000.0,Builder_Floor,"Pushkar Enclave, Paschim Vihar",1.0
622,850.0,3.0,3.0,Unfurnished,5700000.0,Apartment,other,1.0
623,1580.0,3.0,2.0,Furnished,21000000.0,Apartment,other,1.0
624,820.0,2.0,3.0,Unfurnished,7500000.0,Apartment,Paschim Vihar,1.0
625,594.0,2.0,1.0,Semi-Furnished,6500000.0,Apartment,other,1.0
626,14220.0,3.0,3.0,Semi-Furnished,27500000.0,Builder_Floor,Paschim Vihar Block B4,1.0
627,800.0,3.0,2.0,Unfurnished,12000000.0,Builder_Floor,"Guru Harikishan Nagar, Paschim Viha",1.0
628,1500.0,3.0,2.0,Semi-Furnished,18000000.0,Apartment,other,3.0
629,1600.0,3.0,3.0,Semi-Furnished,15600000.0,Apartment,"Ashirwad Apartments, Dwarka",3.0
630,1650.0,3.0,3.0,Semi-Furnished,15500000.0,Apartment,"Rajasthan Apartment, Aashirwaad Cho",2.0
631,1600.0,3.0,3.0,Semi-Furnished,15200000.0,Apartment,"Rajasthan Apartment, Aashirwaad Cho",2.0
632,1900.0,3.0,3.0,Furnished,25000000.0,Apartment,other,2.0
633,1400.0,3.0,2.0,Furnished,15000000.0,Apartment,other,2.0
634,1550.0,3.0,2.0,Semi-Furnished,15800000.0,Apartment,"Bank Apartments, Aashirwaad Chowk, ",2.0
635,2000.0,4.0,3.0,Furnished,31500000.0,Apartment,other,2.0
636,1500.0,3.0,3.0,Semi-Furnished,14000000.0,Apartment,"Bank Apartments, Aashirwaad Chowk, ",2.0
637,1550.0,3.0,2.0,Semi-Furnished,13200000.0,Apartment,"Aashirwaad Chowk, Dwarka",2.0
638,1600.0,3.0,2.0,Semi-Furnished,15800000.0,Apartment,"Bank Apartments, Aashirwaad Chowk, ",1.0
639,1600.0,3.0,3.0,Unfurnished,16200000.0,Apartment,other,2.0
640,1800.0,3.0,2.0,Semi-Furnished,15500000.0,Apartment,other,2.0
641,1470.0,3.0,2.0,Semi-Furnished,14500000.0,Apartment,"Aashirwaad Chowk, Dwarka",3.0
642,1500.0,3.0,2.0,Semi-Furnished,14900000.0,Apartment,"Aashirwaad Chowk, Dwarka",2.0
643,1750.0,3.0,3.0,Furnished,17200000.0,Apartment,"Green Heavens Apartment, Aashirwaad",3.0
644,1650.0,3.0,3.0,Furnished,18000000.0,Apartment,other,2.0
645,1850.0,3.0,2.0,Semi-Furnished,15500000.0,Apartment,"Aashirwaad Chowk, Dwarka",2.0
646,1480.0,3.0,2.0,Furnished,15800000.0,Apartment,"Bank Apartments, Aashirwaad Chowk, ",2.0
648,1380.0,3.0,2.0,Semi-Furnished,15000000.0,Apartment,"Aashirwaad Chowk, Dwarka",2.0
649,1600.0,4.0,2.0,Furnished,19500000.0,Apartment,other,2.0
650,1585.0,3.0,3.0,Semi-Furnished,16600000.0,Apartment,other,2.0
651,1700.0,3.0,3.0,Semi-Furnished,17200000.0,Apartment,"Aashirwaad Chowk, Dwarka",2.0
652,1200.0,2.0,2.0,Semi-Furnished,13000000.0,Apartment,other,2.0
653,1800.0,4.0,3.0,Semi-Furnished,16500000.0,Apartment,other,2.0
654,1000.0,2.0,2.0,Semi-Furnished,10700000.0,Apartment,other,2.0
655,1500.0,3.0,2.0,Furnished,16200000.0,Apartment,other,2.0
656,1700.0,3.0,2.0,Furnished,16500000.0,Apartment,"Green Heavens Apartment, Aashirwaad",1.0
657,1750.0,3.0,2.0,Furnished,14900000.0,Apartment,other,1.0
658,2700.0,4.0,3.0,Furnished,27500000.0,Apartment,other,2.0
661,1500.0,3.0,3.0,Semi-Furnished,35500000.0,Apartment,Commonwealth Games Village 2010,2.0
662,2105.0,3.0,3.0,Unfurnished,42100000.0,Apartment,"Common Wealth Games Village, Common",2.0
664,2090.0,3.0,4.0,Semi-Furnished,44000000.0,Apartment,"Common Wealth Games Village, Common",2.0
666,2500.0,4.0,4.0,Semi-Furnished,52500000.0,Apartment,Project Commonwealth Games Village ,2.0
667,2100.0,3.0,4.0,Furnished,34300000.0,Apartment,"Common Wealth Games Village, Common",2.0
668,2022.0,3.0,3.0,Semi-Furnished,38000000.0,Apartment,Project Commonwealth Games Village ,1.0
670,1850.0,3.0,3.0,Unfurnished,37500000.0,Apartment,"Common Wealth Games Village, Common",1.0
671,2100.0,3.0,3.0,Semi-Furnished,37000000.0,Apartment,"Common Wealth Games Village, Common",1.0
672,1700.0,3.0,4.0,Semi-Furnished,40000000.0,Apartment,Commonwealth Games Village 2010,1.0
673,2105.0,3.0,3.0,Semi-Furnished,36200000.0,Apartment,"Common Wealth Games Village, Common",1.0
674,1250.0,2.0,3.0,Semi-Furnished,29000000.0,Apartment,"Common Wealth Games Village, Common",1.0
677,2125.0,3.0,3.0,Semi-Furnished,36500000.0,Apartment,Project Commonwealth Games Village ,1.0
678,2065.0,3.0,4.0,Semi-Furnished,42500000.0,Apartment,"Common Wealth Games Village, Common",2.0
679,3405.0,5.0,4.0,Semi-Furnished,71500000.0,Apartment,"Common Wealth Games Village, Common",2.0
682,1455.0,2.0,2.0,Semi-Furnished,27500000.0,Apartment,Commonwealth Games Village 2010,2.0
685,1400.0,2.0,3.0,Unfurnished,28600000.0,Apartment,"Common Wealth Games Village, Common",2.0
686,2126.0,3.0,3.0,Semi-Furnished,39000000.0,Apartment,"Common Wealth Games Village, Common",2.0
687,1815.0,3.0,3.0,Semi-Furnished,32500000.0,Apartment,Commonwealth Games Village 2010,2.0
688,1700.0,3.0,3.0,Unfurnished,34000000.0,Apartment,Project Commonwealth Games Village ,2.0
689,700.0,2.0,2.0,Unfurnished,16500000.0,Apartment,Alaknanda,2.0
690,980.0,2.0,2.0,Semi-Furnished,13800000.0,Apartment,"Shivalik Apartments, Alaknanda",2.0
691,1350.0,3.0,3.0,Semi-Furnished,21000000.0,Apartment,"Narmada Apartment, Alaknanda",2.0
692,1800.0,3.0,3.0,Semi-Furnished,22500000.0,Apartment,"Gangotri Enclave, Alaknanda",2.0
693,968.7510000000001,2.0,2.0,Semi-Furnished,15000000.0,Apartment,"Aravali Apartments, Alaknanda",2.0
694,1250.0,3.0,3.0,Semi-Furnished,20000000.0,Apartment,"Narmada Apartment, Alaknanda",2.0
695,1800.0,3.0,3.0,Furnished,20000000.0,Apartment,"Aravali Apartments, Alaknanda",2.0
696,1400.0,3.0,2.0,Semi-Furnished,26000000.0,Builder_Floor,"Shivalik Apartments, Alaknanda",2.0
697,1000.0,3.0,3.0,Semi-Furnished,19500000.0,Apartment,"Narmada Apartment, Alaknanda",2.0
698,1800.0,4.0,2.0,Semi-Furnished,21500000.0,Apartment,"Tara Apartment, Alaknanda",2.0
699,1500.0,3.0,3.0,Unfurnished,26500000.0,Apartment,Alaknanda,2.0
700,1600.0,3.0,3.0,Semi-Furnished,20000000.0,Apartment,"Narmada Apartment, Alaknanda",2.0
701,1400.0,3.0,3.0,Furnished,18000000.0,Apartment,"Narmada Apartment, Alaknanda carpet",2.0
702,1400.0,3.0,2.0,Unfurnished,19000000.0,Apartment,Alaknanda,2.0
703,2700.0,4.0,4.0,Unfurnished,36500000.0,Builder_Floor,Greater Kailash 4 Nri Colony,1.0
704,1100.0,2.0,2.0,Unfurnished,15000000.0,Apartment,Alaknanda,1.0
705,1200.0,2.0,2.0,Semi-Furnished,17500000.0,Apartment,Alaknanda,1.0
706,1400.0,2.0,2.0,Semi-Furnished,14000000.0,Apartment,Alaknanda,2.0
707,1500.0,3.0,3.0,Semi-Furnished,21000000.0,Apartment,"Project Gangotri Enclave, Alaknanda",1.0
708,1320.0,3.0,2.0,Unfurnished,15600000.0,Apartment,Alaknanda,1.0
709,1300.0,3.0,3.0,Unfurnished,19000000.0,Apartment,"Project Gangotri Enclave, Gangotri ",1.0
710,1150.0,2.0,2.0,Unfurnished,16500000.0,Apartment,"Narmada Apartment, Alaknanda",1.0
711,1440.0,3.0,3.0,Unfurnished,19000000.0,Apartment,Alaknanda,1.0
712,1400.0,2.0,2.0,Unfurnished,16500000.0,Apartment,"Nilgiri Apartment, Alaknanda",1.0
713,450.0,1.0,1.0,Semi-Furnished,3000000.0,Builder_Floor,Alaknanda,1.0
714,1300.0,2.0,2.0,Semi-Furnished,15000000.0,Apartment,"Yamuna Apartment, Alaknanda",1.0
715,1200.0,2.0,2.0,Unfurnished,14300000.0,Apartment,"Nilgiri Apartment, Alaknanda",1.0
716,1300.0,3.0,2.0,Unfurnished,18500000.0,Apartment,"Nilgiri Apartment, Alaknanda",1.0
717,1400.0,3.0,3.0,Furnished,19000000.0,Apartment,"Tara Apartment, Alaknanda carpet ar",1.0
718,1400.0,3.0,3.0,Semi-Furnished,19000000.0,Apartment,Alaknanda,1.0
720,1600.0,4.0,2.0,Semi-Furnished,15800000.0,Apartment,"DDA Flats, Sarita Vihar, Mathura Ro",1.0
721,1200.0,10.0,4.0,Semi-Furnished,17000000.0,Apartment,"DDA Flats Sarita Vihar, Sarita Viha",1.0
722,1600.0,4.0,2.0,Semi-Furnished,15500000.0,Apartment,"DDA Flats, Sarita Vihar, Mathura Ro",1.0
723,1250.0,3.0,2.0,Semi-Furnished,16000000.0,Apartment,"DDA Flats Sarita Vihar, Sarita Viha",1.0
724,950.0,2.0,2.0,Furnished,12900000.0,Apartment,"DDA Flats Sarita Vihar, Sarita Viha",1.0
725,1200.0,3.0,3.0,Furnished,13500000.0,Apartment,"DDA Flats Sarita Vihar, Sarita Viha",1.0
726,1400.0,4.0,2.0,Furnished,17800000.0,Apartment,"DDA Flats Sarita Vihar, Sarita Viha",1.0
727,950.0,2.0,2.0,Furnished,13200000.0,Apartment,"DDA Flats Sarita Vihar, Sarita Viha",1.0
728,1350.0,3.0,3.0,Semi-Furnished,14000000.0,Apartment,"DDA Flats Sarita Vihar, Sarita Viha",1.0
729,1550.0,4.0,2.0,Furnished,17500000.0,Apartment,"DDA Flats Sarita Vihar, Sarita Viha",1.0
730,1300.0,3.0,2.0,Semi-Furnished,17000000.0,Apartment,"DDA Flats Sarita Vihar, Sarita Viha",1.0
731,1000.0,2.0,2.0,Furnished,13000000.0,Apartment,"DDA Flats Sarita Vihar, Sarita Viha",1.0
732,1500.0,3.0,3.0,Furnished,17000000.0,Apartment,"DDA Flats Sarita Vihar, Sarita Viha",1.0
733,950.0,2.0,2.0,Furnished,12700000.0,Apartment,"DDA Flats Sarita Vihar, Sarita Viha",1.0
734,1200.0,3.0,2.0,Furnished,13500000.0,Apartment,"DDA Flats Sarita Vihar, Sarita Viha",1.0
735,1400.0,4.0,2.0,Furnished,17400000.0,Apartment,"DDA Flats Sarita Vihar, Sarita Viha",1.0
736,1500.0,4.0,2.0,Furnished,17800000.0,Apartment,"DDA Flats Sarita Vihar, Sarita Viha",1.0
738,1550.0,4.0,2.0,Furnished,16200000.0,Apartment,"DDA Flats Sarita Vihar, Sarita Viha",1.0
739,950.0,2.0,2.0,Furnished,11100000.0,Apartment,"DDA Flats Sarita Vihar, Sarita Viha",1.0
740,1150.0,2.0,2.0,Furnished,13600000.0,Apartment,"DDA Flats Sarita Vihar, Sarita Viha",2.0
741,1150.0,2.0,2.0,Furnished,13100000.0,Apartment,"DDA Flats Sarita Vihar, Sarita Viha",2.0
742,1150.0,2.0,2.0,Furnished,12500000.0,Apartment,"DDA Flats Sarita Vihar, Sarita Viha",1.0
743,1500.0,3.0,2.0,Furnished,13600000.0,Apartment,"DDA Flats Sarita Vihar, Sarita Viha",1.0
744,1800.0,4.0,4.0,Furnished,12000000.0,Apartment,"Sidharth Enclave, Kilokri, Ring Roa",1.0
745,1300.0,3.0,3.0,Furnished,20000000.0,Apartment,"Sidharth Enclave, Kilokri, Ring Roa",1.0
746,1150.0,2.0,2.0,Unfurnished,13500000.0,Apartment,other,4.0
747,1500.0,3.0,2.0,Unfurnished,14000000.0,Apartment,other,4.0
748,1150.0,2.0,2.0,Semi-Furnished,10800000.0,Apartment,"DDA Flats, Sarita Vihar, Mathura Ro",4.0
749,900.0,3.0,2.0,Semi-Furnished,9000000.0,Builder_Floor,"New Manglapuri, Sultanpur",1.0
750,1150.0,3.0,2.0,Semi-Furnished,6300000.0,Builder_Floor,"New Manglapuri, Sultanpur",1.0
751,1000.0,3.0,3.0,Semi-Furnished,5500000.0,Apartment,Sultanpur Extension,1.0
752,450.0,1.0,1.0,Semi-Furnished,2350000.0,Apartment,"New Manglapuri, Sultanpur",1.0
753,1350.0,3.0,3.0,Semi-Furnished,8500000.0,Apartment,Sultanpur,1.0
754,445.0,1.0,2.0,Semi-Furnished,1650000.0,Apartment,Sultanpur Extension,1.0
755,1200.0,2.0,2.0,Semi-Furnished,10000000.0,Apartment,"Manglapuri, Sultanpur",1.0
756,50.0,1.0,1.0,Unfurnished,1500000.0,Builder_Floor,"Indra Park Palam, Manglapuri",1.0
757,1100.0,2.0,2.0,Semi-Furnished,2800000.0,Builder_Floor,other,1.0
758,700.0,2.0,2.0,Semi-Furnished,2600000.0,Builder_Floor,Sultanpur Extension,1.0
759,500.0,1.0,1.0,Furnished,2350000.0,Builder_Floor,"New Manglapuri, Sultanpur",1.0
760,540.0,1.0,1.0,Unfurnished,2350000.0,Apartment,Sultanpur Extension,2.0
761,450.0,1.0,1.0,Unfurnished,2000000.0,Builder_Floor,Sultanpur,1.0
762,800.0,2.0,2.0,Semi-Furnished,5000000.0,Builder_Floor,Sultanpur,1.0
763,700.0,2.0,2.0,Semi-Furnished,3500000.0,Builder_Floor,"New Manglapuri, Sultanpur",1.0
764,750.0,2.0,2.0,Semi-Furnished,4500000.0,Builder_Floor,Sultanpur,4.0
765,750.0,2.0,2.0,Unfurnished,4000000.0,Builder_Floor,Sultanpur,1.0
766,1600.0,3.0,3.0,Unfurnished,10800000.0,Builder_Floor,"New Manglapuri, Sultanpur",1.0
770,1700.0,3.0,3.0,Semi-Furnished,8500000.0,Apartment,"New Manglapuri, Sultanpur",1.0
771,1100.0,3.0,2.0,Semi-Furnished,6000000.0,Builder_Floor,"New Manglapuri, Sultanpur",1.0
772,1000.0,3.0,3.0,Semi-Furnished,5500000.0,Apartment,"New Manglapuri, Sultanpur",1.0
773,1000.0,3.0,2.0,Semi-Furnished,7000000.0,Builder_Floor,"Manglapuri, Sultanpur",1.0
774,1100.0,3.0,2.0,Furnished,6000000.0,Apartment,Sultanpur,1.0
775,765.0,3.0,2.0,Unfurnished,3700000.0,Builder_Floor,"Manglapuri, Sultanpur",1.0
776,900.0,2.0,2.0,Semi-Furnished,3100000.0,Builder_Floor,"Indra Park Palam, Manglapuri",2.0
777,600.0,2.0,2.0,Unfurnished,4500000.0,Apartment,Sultanpur,2.0
778,360.0,1.0,1.0,Semi-Furnished,1500000.0,Builder_Floor,"Indra Park Palam, Manglapuri",2.0
779,950.0,3.0,2.0,Semi-Furnished,7090000.0,Builder_Floor,Chhattarpur,2.0
780,3600.0,2.0,2.0,Semi-Furnished,4500000.0,Builder_Floor,other,4.0
781,1305.0,4.0,3.0,Unfurnished,5500000.0,Builder_Floor,"JVTS Gardens, Chhattarpur",4.0
782,1800.0,3.0,4.0,Semi-Furnished,63000000.0,Apartment,Chhattarpur,1.0
783,950.0,3.0,2.0,Semi-Furnished,6990000.0,Builder_Floor,Chhattarpur,1.0
784,800.0,2.0,2.0,Semi-Furnished,4400000.0,Apartment,Chhattarpur,1.0
785,1800.0,4.0,4.0,Semi-Furnished,12500000.0,Builder_Floor,Chhattarpur Enclave Phase2,1.0
786,800.0,2.0,2.0,Semi-Furnished,3000000.0,Builder_Floor,Chhattarpur,1.0
787,675.0,2.0,2.0,Semi-Furnished,2800000.0,Builder_Floor,Chhattarpur,1.0
788,1175.0,3.0,3.0,Unfurnished,5000000.0,Builder_Floor,"JVTS Gardens, Chhattarpur",1.0
789,1500.0,3.0,3.0,Unfurnished,6000000.0,Builder_Floor,Chhattarpur,1.0
790,810.0,2.0,2.0,Unfurnished,4500000.0,Apartment,Chhattarpur,1.0
791,630.0,2.0,2.0,Unfurnished,2800000.0,Apartment,Chhattarpur Enclave Phase2,1.0
792,650.0,2.0,2.0,Semi-Furnished,2500000.0,Builder_Floor,Chhattarpur,1.0
793,1800.0,4.0,4.0,Semi-Furnished,8500000.0,Builder_Floor,Chhattarpur Enclave Phase2,1.0
794,725.0,2.0,2.0,Furnished,3000000.0,Apartment,Chhattarpur,1.0
795,900.0,3.0,2.0,Semi-Furnished,4900000.0,Builder_Floor,Chhattarpur,1.0
796,750.0,2.0,2.0,Unfurnished,3500000.0,Builder_Floor,Chhattarpur,1.0
797,700.0,2.0,2.0,Semi-Furnished,3000000.0,Builder_Floor,Chhattarpur Enclave Phase2,1.0
798,950.0,3.0,2.0,Semi-Furnished,7020000.0,Builder_Floor,Chhattarpur,1.0
799,1600.0,3.0,4.0,Unfurnished,60000000.0,Apartment,other,1.0
800,900.0,2.0,2.0,Semi-Furnished,3500000.0,Builder_Floor,Chhattarpur,1.0
801,1500.0,3.0,3.0,Semi-Furnished,7000000.0,Builder_Floor,Chhattarpur,1.0
802,500.0,2.0,1.0,Semi-Furnished,7000000.0,Apartment,Chhattarpur Enclave Phase2,1.0
803,1035.0,3.0,3.0,Semi-Furnished,4500000.0,Builder_Floor,Chhattarpur Enclave Phase2,1.0
804,825.0,3.0,2.0,Semi-Furnished,5990000.0,Builder_Floor,other,1.0
805,1300.0,3.0,3.0,Semi-Furnished,4400000.0,Builder_Floor,Chhattarpur,1.0
806,765.0,2.0,2.0,Unfurnished,2500000.0,Builder_Floor,Chhattarpur,1.0
807,580.0,1.0,1.0,Semi-Furnished,1600000.0,Builder_Floor,Chhattarpur Enclave Phase2,1.0
808,1750.0,3.0,3.0,Semi-Furnished,6500000.0,Builder_Floor,Chhattarpur Enclave Phase2,1.0
809,650.0,2.0,2.0,Semi-Furnished,2750000.0,Apartment,Mehrauli,1.0
810,405.0,1.0,1.0,Semi-Furnished,1500000.0,Apartment,Mehrauli,1.0
811,675.0,2.0,1.0,Unfurnished,2200000.0,Builder_Floor,Mehrauli,1.0
812,850.0,2.0,2.0,Semi-Furnished,2800000.0,Apartment,Mehrauli,1.0
813,800.0,3.0,3.0,Semi-Furnished,4500000.0,Apartment,Mehrauli,1.0
814,405.0,1.0,1.0,Furnished,1800000.0,Apartment,Mehrauli,1.0
815,1350.0,3.0,3.0,Unfurnished,8500000.0,Builder_Floor,Mehrauli,1.0
816,1350.0,3.0,3.0,Unfurnished,8500000.0,Apartment,Mehrauli,1.0
817,450.0,1.0,1.0,Unfurnished,1700000.0,Builder_Floor,Mehrauli,1.0
818,1300.0,3.0,3.0,Semi-Furnished,7000000.0,Builder_Floor,other,1.0
819,1050.0,3.0,2.0,Unfurnished,5600000.0,Builder_Floor,Mehrauli,1.0
820,1675.0,4.0,3.0,Furnished,13500000.0,Builder_Floor,Mehrauli,1.0
821,1250.0,3.0,3.0,Unfurnished,8500000.0,Builder_Floor,Mehrauli,1.0
822,1080.0,3.0,3.0,Unfurnished,6000000.0,Apartment,Mehrauli,1.0
823,1170.0,3.0,3.0,Unfurnished,7200000.0,Builder_Floor,"Andheria Mor, Mehrauli",1.0
824,1250.0,3.0,2.0,Semi-Furnished,6500000.0,Apartment,other,1.0
825,1500.0,3.0,3.0,Semi-Furnished,8400000.0,Apartment,"Andheria Mor, Mehrauli",1.0
826,1350.0,3.0,3.0,Unfurnished,8500000.0,Apartment,Mehrauli,1.0
827,855.0,2.0,2.0,Semi-Furnished,4000000.0,Builder_Floor,Mehrauli,2.0
828,540.0,1.0,1.0,Unfurnished,1700000.0,Builder_Floor,Mehrauli,2.0
829,1044.0983,3.0,2.0,Unfurnished,6000000.0,Builder_Floor,Mehrauli,2.0
830,405.0,1.0,1.0,Semi-Furnished,1600000.0,Apartment,Mehrauli,1.0
831,500.0,1.0,2.0,Semi-Furnished,2100000.0,Apartment,Mehrauli,3.0
832,450.0,1.0,1.0,Furnished,1700000.0,Apartment,Mehrauli,3.0
833,405.0,1.0,1.0,Unfurnished,1500000.0,Apartment,"Andheria Mor, Mehrauli",4.0
834,405.0,1.0,1.0,Unfurnished,1200000.0,Builder_Floor,Mehrauli,4.0
835,450.0,1.0,1.0,Unfurnished,1650000.0,Apartment,other,4.0
836,173.0,2.0,2.0,Unfurnished,3500000.0,Builder_Floor,Mehrauli,4.0
837,1100.0,3.0,2.0,Unfurnished,8500000.0,Builder_Floor,Mehrauli,4.0
838,600.0,2.0,2.0,Unfurnished,3200000.0,Builder_Floor,Mehrauli,4.0
839,800.0,3.0,2.0,Semi-Furnished,4400000.0,Builder_Floor,Mahavir Enclave,4.0
840,990.0,4.0,3.0,Unfurnished,7200000.0,Builder_Floor,Mahavir Enclave Part 1,1.0
841,1100.0,3.0,2.0,Semi-Furnished,7500000.0,Builder_Floor,Mahavir Enclave Part 1,1.0
842,1100.0,3.0,2.0,Unfurnished,6500000.0,Apartment,Mahavir Enclave,1.0
843,527.0,2.0,2.0,Semi-Furnished,3500000.0,Builder_Floor,Mahavir Enclave Part 1,1.0
844,1000.0,2.0,2.0,Semi-Furnished,6500000.0,Builder_Floor,other,1.0
845,1000.0,3.0,2.0,Semi-Furnished,6200000.0,Builder_Floor,Mahavir Enclave Part 1,1.0
846,450.0,1.0,1.0,Semi-Furnished,2500000.0,Builder_Floor,Mahavir Enclave Part 1,1.0
847,600.0,2.0,2.0,Semi-Furnished,3000000.0,Apartment,Mahavir Enclave,1.0
848,950.0,3.0,2.0,Furnished,6000000.0,Builder_Floor,Mahavir Enclave Part 1,1.0
849,855.0,3.0,2.0,Unfurnished,4800000.0,Apartment,Mahavir Enclave Part 1,1.0
850,770.0,2.0,2.0,Semi-Furnished,3790000.0,Builder_Floor,Mahavir Enclave,1.0
851,810.0,3.0,2.0,Semi-Furnished,4200000.0,Apartment,Mahavir Enclave,1.0
852,710.0,2.0,2.0,Unfurnished,2900000.0,Apartment,Mahavir Enclave,1.0
853,950.0,3.0,2.0,Unfurnished,5000000.0,Builder_Floor,Mahavir Enclave Part 1,1.0
854,450.0,1.0,1.0,Semi-Furnished,2100000.0,Builder_Floor,Mahavir Enclave Part 1,1.0
855,500.0,2.0,2.0,Semi-Furnished,3200000.0,Apartment,Mahavir Enclave Part 1,1.0
856,600.0,2.0,1.0,Semi-Furnished,3000000.0,Apartment,Mahavir Enclave Part 1,1.0
858,900.0,3.0,2.0,Semi-Furnished,5900000.0,Builder_Floor,Mahavir Enclave Part 1,2.0
859,945.0,3.0,2.0,Semi-Furnished,5500000.0,Apartment,Mahavir Enclave Part 1,3.0
860,565.0,2.0,2.0,Unfurnished,3500000.0,Builder_Floor,other,2.0
861,450.0,2.0,1.0,Semi-Furnished,1700000.0,Apartment,Mahavir Enclave Part 3,2.0
862,430.0,1.0,1.0,Unfurnished,1850000.0,Builder_Floor,Mahavir Enclave,2.0
863,550.0,2.0,2.0,Unfurnished,2300000.0,Builder_Floor,Mahavir Enclave,2.0
864,810.0,3.0,2.0,Furnished,3800000.0,Builder_Floor,Mahavir Enclave,1.0
865,720.0,3.0,2.0,Semi-Furnished,4500000.0,Builder_Floor,Mahavir Enclave Part 1,2.0
866,360.0,2.0,1.0,Semi-Furnished,2200000.0,Apartment,other,1.0
867,820.0,3.0,2.0,Semi-Furnished,5200000.0,Builder_Floor,Mahavir Enclave,1.0
868,459.0,2.0,2.0,Semi-Furnished,2200000.0,Builder_Floor,Mahavir Enclave Part 3,1.0
869,378.0,1.0,2.0,Unfurnished,1500000.0,Apartment,other,1.0
870,450.0,1.0,1.0,Furnished,2200000.0,Apartment,"DDA Flats Pocket 6 Sector A10, Nare",2.0
871,900.0,2.0,2.0,Semi-Furnished,3800000.0,Apartment,other,3.0
872,360.0,1.0,1.0,Unfurnished,1800000.0,Apartment,other,3.0
873,559.7228,2.0,2.0,Furnished,2850000.0,Apartment,Narela,2.0
874,350.0,1.0,1.0,Unfurnished,2500000.0,Apartment,Narela,2.0
875,365.0,1.0,1.0,Unfurnished,3500000.0,Apartment,Narela,2.0
876,390.0,1.0,1.0,Unfurnished,2000000.0,Apartment,"DDA Lig Flats, Narela",1.0
877,350.0,1.0,1.0,Unfurnished,3000000.0,Apartment,"DDA Flats Pocket 3, Narela",2.0
878,210.0,1.0,1.0,Semi-Furnished,2000000.0,Apartment,"DDA Lig Flats, Narela",2.0
879,50.0,1.0,1.0,Unfurnished,3500000.0,Apartment,"DDA Lig Flats, Narela",2.0
880,500.0,1.0,1.0,Unfurnished,1800000.0,Apartment,other,1.0
881,350.0,1.0,1.0,Unfurnished,1600000.0,Apartment,"DDA Lig Flats, Narela",2.0
885,452.0838,2.0,1.0,Furnished,3000000.0,Apartment,"DDA Flats Pocket 6 Sector A10, Nare",1.0
886,350.0,1.0,1.0,Unfurnished,1490000.0,Apartment,Narela,1.0
887,437.0,1.0,1.0,Furnished,3500000.0,Apartment,"DDA Lig Flats, Narela",2.0
888,61.0,3.0,3.0,Unfurnished,4000000.0,Apartment,other,1.0
889,495.0,2.0,2.0,Unfurnished,1750000.0,Builder_Floor,Narela,2.0
890,900.0,2.0,2.0,Unfurnished,4600000.0,Apartment,other,1.0
891,350.0,1.0,1.0,Semi-Furnished,1800000.0,Builder_Floor,"DDA Lig Flats, Narela",1.0
892,585.0,2.0,2.0,Unfurnished,1900000.0,Builder_Floor,Narela,1.0
893,198.0,1.0,1.0,Furnished,1000000.0,Apartment,other,1.0
894,4900.0,1.0,1.0,Unfurnished,1000000.0,Apartment,"DDA Lig Flats, Narela",4.0
895,2077.4327,1.0,1.0,Unfurnished,1000000.0,Builder_Floor,"DDA Flats Pocket 3, Narela",2.0
896,50.0,1.0,1.0,Semi-Furnished,3500000.0,Apartment,"DDA Lig Flats, Narela",2.0
897,990.0,3.0,2.0,Furnished,5000000.0,Builder_Floor,Narela,2.0
898,425.0,1.0,1.0,Unfurnished,2200000.0,Apartment,Narela,1.0
899,750.0,2.0,2.0,Unfurnished,13000000.0,Builder_Floor,Malviya Nagar,1.0
900,1400.0,3.0,3.0,Semi-Furnished,34000000.0,Builder_Floor,"Shivalik, Malviya Nagar",1.0
901,3600.0,4.0,4.0,Semi-Furnished,60000000.0,Builder_Floor,"Geetanjali Enclave, Malviya Nagar",1.0
904,2050.0,4.0,4.0,Semi-Furnished,62500000.0,Builder_Floor,"Geetanjali Enclave, Malviya Nagar",1.0
905,3000.0,4.0,4.0,Unfurnished,67000000.0,Builder_Floor,other,1.0
906,850.0,2.0,2.0,Unfurnished,8500000.0,Builder_Floor,Malviya Nagar,1.0
907,750.0,2.0,2.0,Unfurnished,11500000.0,Builder_Floor,Malviya Nagar,1.0
909,800.0,2.0,2.0,Semi-Furnished,12000000.0,Builder_Floor,Malviya Nagar,1.0
910,550.0,2.0,2.0,Semi-Furnished,10700000.0,Builder_Floor,Malviya Nagar,1.0
911,700.0,2.0,2.0,Semi-Furnished,9000000.0,Apartment,Malviya Nagar,1.0
913,900.0,3.0,2.0,Semi-Furnished,6200000.0,Apartment,"Khirki extension, Malviya Nagar",1.0
914,100.0,3.0,2.0,Semi-Furnished,17000000.0,Builder_Floor,Malviya Nagar,1.0
915,900.0,2.0,3.0,Semi-Furnished,12500000.0,Builder_Floor,other,2.0
916,1500.0,2.0,2.0,Semi-Furnished,13000000.0,Builder_Floor,Malviya Nagar,1.0
917,650.0,3.0,2.0,Unfurnished,4200000.0,Builder_Floor,"Khirki extension, Malviya Nagar",1.0
918,2000.0,4.0,4.0,Semi-Furnished,36000000.0,Builder_Floor,Malviya Nagar,1.0
919,500.0,1.0,1.0,Unfurnished,2300000.0,Apartment,Malviya Nagar,2.0
920,1125.0,2.0,2.0,Unfurnished,8100000.0,Builder_Floor,Malviya Nagar,1.0
921,1300.0,3.0,3.0,Semi-Furnished,10000000.0,Builder_Floor,Malviya Nagar,1.0
924,1290.0,3.0,2.0,Semi-Furnished,20000000.0,Builder_Floor,Malviya Nagar,4.0
925,2250.0,4.0,4.0,Semi-Furnished,57500000.0,Builder_Floor,"Geetanjali Enclave, Malviya Nagar",1.0
926,1350.0,3.0,3.0,Semi-Furnished,30000000.0,Builder_Floor,"Shivalik, Malviya Nagar",1.0
927,1400.0,3.0,3.0,Semi-Furnished,30000000.0,Builder_Floor,"Shivalik, Malviya Nagar",1.0
928,1700.0,3.0,3.0,Unfurnished,30000000.0,Builder_Floor,"Shivalik, Malviya Nagar",1.0
929,450.0,1.0,1.0,Unfurnished,3300000.0,Apartment,"Dilshad Colony, Dilshad Garden",1.0
930,750.0,2.0,1.0,Unfurnished,7350000.0,Apartment,other,1.0
931,1500.0,4.0,1.0,Unfurnished,12500000.0,Apartment,other,1.0
932,400.0,1.0,1.0,Semi-Furnished,3500000.0,Apartment,"Dilshad Colony, Dilshad Garden",1.0
933,650.0,2.0,2.0,Unfurnished,6500000.0,Builder_Floor,"Dilshad Colony, Dilshad Garden",2.0
934,900.0,2.0,2.0,Furnished,6900000.0,Builder_Floor,"Dilshad Colony, Dilshad Garden",1.0
935,400.0,1.0,1.0,Unfurnished,3600000.0,Builder_Floor,"Dilshad Colony, Dilshad Garden",1.0
936,900.0,3.0,2.0,Semi-Furnished,13500000.0,Apartment,"Dilshad Colony, Dilshad Garden",1.0
937,1000.0,3.0,2.0,Furnished,9200000.0,Apartment,"DDA Flats Block A, Dilshad Garden",1.0
938,405.0,1.0,1.0,Unfurnished,2500000.0,Apartment,"Dilshad Colony, Dilshad Garden",1.0
939,1700.0,3.0,2.0,Furnished,17000000.0,Apartment,"DDA Flats Block A, Dilshad Garden",2.0
940,800.0,3.0,2.0,Semi-Furnished,9030000.0,Apartment,Dilshad Garden,1.0
941,1076.39,3.0,2.0,Unfurnished,9300000.0,Builder_Floor,"Dilshad Colony, Dilshad Garden",1.0
942,750.0,2.0,1.0,Semi-Furnished,6500000.0,Apartment,other,2.0
943,460.0,2.0,1.0,Unfurnished,3300000.0,Builder_Floor,"Dilshad Colony, Dilshad Garden",2.0
944,370.0,1.0,1.0,Unfurnished,2400000.0,Builder_Floor,"Dilshad Colony, Dilshad Garden",1.0
945,1800.0,3.0,3.0,Semi-Furnished,15000000.0,Builder_Floor,"Dilshad Colony, Dilshad Garden",1.0
946,1080.0,3.0,1.0,Unfurnished,7000000.0,Apartment,Dilshad Garden,1.0
947,350.0,1.0,1.0,Unfurnished,4200000.0,Apartment,other,2.0
948,500.0,2.0,1.0,Furnished,5800000.0,Apartment,Dilshad Garden,1.0
949,900.0,3.0,2.0,Semi-Furnished,4800000.0,Apartment,"Dilshad Colony, Dilshad Garden",1.0
950,800.0,2.0,2.0,Semi-Furnished,7500000.0,Apartment,"Dilshad Colony, Dilshad Garden",2.0
951,350.0,1.0,1.0,Unfurnished,3000000.0,Apartment,other,2.0
952,430.556,1.0,1.0,Unfurnished,4300000.0,Apartment,Dilshad Garden,2.0
953,500.0,1.0,1.0,Semi-Furnished,2600000.0,Builder_Floor,"Dilshad Colony, Dilshad Garden",2.0
954,1450.0,2.0,2.0,Unfurnished,7000000.0,Apartment,Dilshad Garden,1.0
955,800.0,2.0,2.0,Unfurnished,6000000.0,Builder_Floor,"Dilshad Colony, Dilshad Garden",1.0
956,1000.0,2.0,2.0,Semi-Furnished,6700000.0,Apartment,"Dilshad Colony, Dilshad Garden",2.0
957,1000.0,3.0,3.0,Furnished,9500000.0,Apartment,other,1.0
958,1600.0,3.0,2.0,Semi-Furnished,17000000.0,Apartment,"DDA Flats Block A, Dilshad Garden",1.0
959,900.0,2.0,2.0,Semi-Furnished,8000000.0,Apartment,Vasundhara Enclave,1.0
960,1500.0,3.0,3.0,Semi-Furnished,12000000.0,Apartment,Vasundhara Enclave,1.0
961,1050.0,2.0,2.0,Semi-Furnished,9000000.0,Apartment,Vasundhara Enclave,2.0
962,1300.0,3.0,2.0,Semi-Furnished,11500000.0,Apartment,"Samrat Apartment, Vasundhara Enclav",2.0
963,1600.0,4.0,3.0,Furnished,20000000.0,Apartment,"Mangal Apartment, Vasundhara Enclav",2.0
964,900.0,2.0,2.0,Semi-Furnished,8550000.0,Apartment,other,2.0
965,1350.0,4.0,4.0,Semi-Furnished,10500000.0,Apartment,"Abhimanyu Apartments, Vasundhara En",1.0
966,1000.0,3.0,2.0,Furnished,12000000.0,Apartment,other,1.0
967,1400.0,3.0,2.0,Unfurnished,11000000.0,Apartment,other,1.0
968,975.0,3.0,2.0,Semi-Furnished,12000000.0,Apartment,Vasundhara Enclave,1.0
969,900.0,2.0,2.0,Unfurnished,9000000.0,Apartment,"Mangal Apartment, Vasundhara Enclav",1.0
970,1100.0,2.0,2.0,Semi-Furnished,10000000.0,Apartment,Vasundhara Enclave,1.0
971,950.0,2.0,2.0,Unfurnished,8100000.0,Apartment,Vasundhara Enclave,2.0
972,1300.0,3.0,3.0,Furnished,9200000.0,Apartment,Vasundhara Enclave,1.0
973,1459.0,3.0,3.0,Semi-Furnished,14200000.0,Apartment,Vasundhara Enclave,1.0
974,1000.0,2.0,2.0,Semi-Furnished,7500000.0,Apartment,"Satyam Apartment, Vasundhara Enclav",1.0
975,1100.0,2.0,2.0,Semi-Furnished,9500000.0,Apartment,"Samrat Apartment, Vasundhara Enclav",1.0
976,1450.0,3.0,2.0,Furnished,14000000.0,Apartment,"Satyam Apartment, Vasundhara Enclav",1.0
977,1450.0,3.0,3.0,Semi-Furnished,11600000.0,Apartment,"Abhimanyu Apartments, Vasundhara En",1.0
978,1150.0,3.0,3.0,Semi-Furnished,12000000.0,Apartment,Vasundhara Enclave,1.0
979,780.0,2.0,2.0,Semi-Furnished,7500000.0,Apartment,Vasundhara Enclave,1.0
980,1300.0,3.0,2.0,Semi-Furnished,9800000.0,Apartment,other,2.0
981,1350.0,3.0,3.0,Semi-Furnished,12000000.0,Apartment,other,2.0
982,1200.0,3.0,2.0,Semi-Furnished,12500000.0,Apartment,other,2.0
983,1460.0,3.0,3.0,Semi-Furnished,16500000.0,Apartment,other,1.0
984,1460.0,3.0,3.0,Unfurnished,12000000.0,Apartment,Vasundhara Enclave,1.0
985,1100.0,2.0,2.0,Unfurnished,7200000.0,Apartment,Vasundhara Enclave,1.0
986,1500.0,3.0,3.0,Furnished,15000000.0,Apartment,other,1.0
987,1050.0,2.0,2.0,Semi-Furnished,10000000.0,Apartment,other,1.0
988,1350.0,3.0,3.0,Semi-Furnished,11000000.0,Apartment,other,1.0
989,1500.0,2.0,2.0,Furnished,24700000.0,Apartment,"Godrej South Estate, Okhla",1.0
990,976.0,2.0,2.0,Furnished,24900000.0,Apartment,"Godrej South Estate, Okhla",1.0
991,540.0,2.0,1.0,Semi-Furnished,3600000.0,Builder_Floor,"Abul Fazal Enclave Part 1, Okhla",1.0
992,450.0,1.0,1.0,Semi-Furnished,1700000.0,Builder_Floor,"Batla House, Okhla",1.0
993,900.0,2.0,2.0,Unfurnished,11000000.0,Apartment,"Sukhdev Vihar, Okhla",1.0
994,2500.0,4.0,4.0,Semi-Furnished,75000000.0,Builder_Floor,"Sukhdev Vihar, Okhla",1.0
995,979.5149,2.0,2.0,Unfurnished,24800000.0,Apartment,"Godrej South Estate, Okhla Phase 1",1.0
996,945.0,2.0,2.0,Semi-Furnished,24900000.0,Apartment,"Godrej South Estate, Okhla Phase 1",2.0
997,976.0,2.0,2.0,Unfurnished,24900000.0,Apartment,"Godrej South Estate, Okhla Phase 1",1.0
998,1531.0,2.0,2.0,Unfurnished,25900000.0,Apartment,"Godrej South Estate, Okhla",1.0
999,1000.0,2.0,2.0,Unfurnished,11700000.0,Builder_Floor,"Sukhdev Vihar, Okhla",1.0
1000,750.0,3.0,2.0,Furnished,13500000.0,Apartment,"Sukhdev Vihar, Okhla",1.0
1001,900.0,3.0,2.0,Furnished,5500000.0,Builder_Floor,"Abul Fazal Enclave Part-II, Okhla",2.0
1002,1512.0,2.0,2.0,Unfurnished,30000000.0,Apartment,"Godrej South Estate, Okhla",2.0
1003,35.0,3.0,2.0,Semi-Furnished,4950000.0,Apartment,"Abul Fazal Enclave Part 1, Okhla",2.0
1004,1500.0,3.0,2.0,Semi-Furnished,16000000.0,Apartment,"Sukhdev Vihar, Okhla",2.0
1005,2907.0,4.0,4.0,Semi-Furnished,30000000.0,Apartment,"Sukhdev Vihar, Okhla",1.0
1006,2210.0,4.0,3.0,Semi-Furnished,41000000.0,Builder_Floor,"Sukhdev Vihar, Okhla",1.0
1007,750.0,2.0,2.0,Semi-Furnished,3800000.0,Builder_Floor,"Abul Fazal Enclave Part-II, Okhla",1.0
1009,588.0,2.0,2.0,Unfurnished,1800000.0,Apartment,other,2.0
1010,540.0,2.0,1.0,Unfurnished,1500000.0,Builder_Floor,other,2.0
1011,1100.0,3.0,3.0,Semi-Furnished,12500000.0,Apartment,"Sukhdev Vihar, Okhla",1.0
1012,550.0,2.0,1.0,Semi-Furnished,1600000.0,Apartment,"Batla House, Okhla",1.0
1013,750.0,3.0,2.0,Semi-Furnished,2400000.0,Builder_Floor,other,2.0
1014,1260.0,3.0,2.0,Semi-Furnished,7000000.0,Builder_Floor,"Abul Fazal Enclave Part 1, Okhla",1.0
1015,675.0,2.0,2.0,Unfurnished,3100000.0,Builder_Floor,"Abul Fazal Enclave Part-II, Okhla",2.0
1016,810.0,2.0,2.0,Semi-Furnished,14500000.0,Apartment,"Sukhdev Vihar, Okhla",2.0
1018,2000.0,4.0,4.0,Semi-Furnished,27500000.0,Builder_Floor,"Sukhdev Vihar, Okhla",3.0
1019,1775.0,3.0,3.0,Semi-Furnished,25500000.0,Apartment,"The Amaryllis, Karol Bagh",2.0
1020,1135.0,3.0,3.0,Furnished,25000000.0,Apartment,"The Amaryllis, Karol Bagh",2.0
1021,1252.0,2.0,2.0,Semi-Furnished,18500000.0,Apartment,"The Amaryllis, Karol Bagh",2.0
1022,2000.0,4.0,4.0,Semi-Furnished,39700000.0,Apartment,"The Amaryllis, Karol Bagh",2.0
1023,530.0,4.0,1.0,Semi-Furnished,6800000.0,Apartment,"Dev Nagar, Karol Bagh",1.0
1024,1332.0,3.0,2.0,Semi-Furnished,6540000.0,Builder_Floor,other,1.0
1025,1017.0,3.0,3.0,Semi-Furnished,22000000.0,Apartment,"The Amaryllis, Karol Bagh",1.0
1026,1775.0,3.0,3.0,Semi-Furnished,25500000.0,Apartment,"The Amaryllis, Karol Bagh",1.0
1027,987.0,2.0,2.0,Semi-Furnished,17000000.0,Apartment,"The Amaryllis, Karol Bagh",2.0
1028,1912.0,3.0,3.0,Semi-Furnished,27500000.0,Apartment,"The Amaryllis, Karol Bagh",2.0
1030,2805.0,4.0,4.0,Unfurnished,52300000.0,Apartment,"The Amaryllis, Karol Bagh",1.0
1031,1500.0,3.0,3.0,Unfurnished,16000000.0,Apartment,other,1.0
1032,1280.0,3.0,3.0,Furnished,15000000.0,Builder_Floor,Karol Bagh,1.0
1033,1775.0,3.0,3.0,Semi-Furnished,25500000.0,Apartment,"The Amaryllis, Karol Bagh",1.0
1034,675.0,2.0,2.0,Semi-Furnished,10000000.0,Builder_Floor,Karol Bagh,1.0
1035,576.0,2.0,2.0,Unfurnished,5000000.0,Apartment,other,1.0
1036,1206.0,3.0,3.0,Semi-Furnished,20000000.0,Builder_Floor,Karol Bagh,1.0
1037,1143.0,2.0,2.0,Unfurnished,16000000.0,Apartment,"DDA MIG Flats Prasad Nagar Phase 2,",2.0
1038,345.0,1.0,1.0,Semi-Furnished,5500000.0,Builder_Floor,Karol Bagh,2.0
1039,720.0,2.0,1.0,Semi-Furnished,7000000.0,Builder_Floor,"Dev Nagar, Karol Bagh",2.0
1040,468.0,2.0,2.0,Unfurnished,4100000.0,Builder_Floor,Karol Bagh,1.0
1041,1600.0,3.0,3.0,Semi-Furnished,24000000.0,Builder_Floor,other,1.0
1042,950.0,2.0,2.0,Furnished,12500000.0,Apartment,"DDA MIG Flats Prasad Nagar Phase 2,",1.0
1043,535.0,2.0,1.0,Furnished,3900000.0,Apartment,"Dev Nagar, Karol Bagh",1.0
1044,1200.0,3.0,2.0,Semi-Furnished,14500000.0,Builder_Floor,Karol Bagh,2.0
1045,1501.0,3.0,2.0,Semi-Furnished,20000000.0,Apartment,"The Amaryllis, Karol Bagh",2.0
1046,1135.0,3.0,3.0,Furnished,24500000.0,Apartment,"The Amaryllis, Karol Bagh",2.0
1047,1200.0,3.0,2.0,Semi-Furnished,20900000.0,Apartment,"The Amaryllis, Karol Bagh",1.0
1048,2200.0,3.0,3.0,Semi-Furnished,43100000.0,Apartment,"The Amaryllis, Karol Bagh",2.0
1049,1240.0,3.0,3.0,Unfurnished,18000000.0,Apartment,"DLF Capital Greens, Moti Nagar, Kir",2.0
1051,1350.0,3.0,2.0,Unfurnished,18500000.0,Apartment,"New Moti Nagar, Kirti Nagar",2.0
1053,1429.0,3.0,3.0,Unfurnished,17500000.0,Apartment,"New Moti Nagar, Kirti Nagar",2.0
1055,1450.0,3.0,3.0,Semi-Furnished,15500000.0,Apartment,"DLF Capital Greens, New Moti Nagar,",2.0
1056,1250.0,2.0,2.0,Furnished,15000000.0,Apartment,"DLF Capital Greens, New Moti Nagar,",1.0
1057,2800.0,4.0,4.0,Unfurnished,40000000.0,Apartment,"DLF Capital Greens, New Moti Nagar,",4.0
1058,1646.0,3.0,3.0,Unfurnished,20000000.0,Apartment,"DLF Capital Greens, New Moti Nagar,",1.0
1059,900.0,2.0,2.0,Semi-Furnished,6700000.0,Apartment,"New Moti Nagar, Kirti Nagar",1.0
1060,1250.0,3.0,2.0,Semi-Furnished,16000000.0,Apartment,"DLF Capital Greens, New Moti Nagar,",2.0
1061,900.0,3.0,2.0,Unfurnished,8000000.0,Builder_Floor,"New Moti Nagar, Kirti Nagar",2.0
1062,1590.0,3.0,2.0,Unfurnished,25000000.0,Apartment,"DLF Capital Greens, New Moti Nagar,",1.0
1063,990.0,3.0,2.0,Unfurnished,25000000.0,Apartment,"New Moti Nagar, Kirti Nagar",2.0
1065,1260.0,3.0,3.0,Semi-Furnished,25000000.0,Apartment,"DLF Capital Greens, New Moti Nagar,",2.0
1066,1457.0,3.0,3.0,Unfurnished,23000000.0,Apartment,"New Moti Nagar, Kirti Nagar",2.0
1067,1400.0,3.0,2.0,Semi-Furnished,17500000.0,Apartment,"New Moti Nagar, Kirti Nagar",2.0
1068,2175.0,4.0,4.0,Unfurnished,44000000.0,Apartment,"DLF Capital Greens, Moti Nagar, Kir",1.0
1069,1450.0,3.0,3.0,Semi-Furnished,15000000.0,Apartment,"DLF Capital Greens, New Moti Nagar,",1.0
1071,861.112,2.0,2.0,Furnished,5000000.0,Builder_Floor,"New Moti Nagar, Kirti Nagar",1.0
1073,1753.0,3.0,3.0,Unfurnished,19000000.0,Apartment,"DLF Capital Greens, New Moti Nagar,",1.0
1075,1550.0,3.0,2.0,Unfurnished,19500000.0,Apartment,"New Moti Nagar, Kirti Nagar",1.0
1076,1470.0,3.0,2.0,Semi-Furnished,14200000.0,Apartment,"DLF Capital Greens, New Moti Nagar,",1.0
1077,702.0,3.0,2.0,Semi-Furnished,14200000.0,Apartment,"New Moti Nagar, Kirti Nagar",1.0
1078,1138.0,2.0,2.0,Semi-Furnished,13500000.0,Apartment,"New Moti Nagar, Kirti Nagar",1.0
1079,1600.0,3.0,3.0,Semi-Furnished,21000000.0,Builder_Floor,Sheikh Sarai Phase 1,1.0
1081,1250.0,2.0,4.0,Semi-Furnished,19000000.0,Builder_Floor,other,2.0
1082,810.0,3.0,2.0,Semi-Furnished,7500000.0,Builder_Floor,Sheikh Sarai Phase 2,2.0
1083,585.0,2.0,2.0,Semi-Furnished,4000000.0,Builder_Floor,"Savitri Nagar Village, Sheikh Sarai",2.0
1084,1700.0,3.0,3.0,Unfurnished,8000000.0,Builder_Floor,"Savitri Nagar Village, Sheikh Sarai",2.0
1085,1800.0,3.0,4.0,Semi-Furnished,19000000.0,Apartment,Sheikh Sarai Phase 1,2.0
1086,600.0,1.0,1.0,Unfurnished,7000000.0,Apartment,Sheikh Sarai Phase 2,2.0
1087,1250.0,3.0,3.0,Unfurnished,5800000.0,Builder_Floor,"Panchsheel Vihar, Sheikh Sarai",2.0
1088,600.0,3.0,2.0,Semi-Furnished,8000000.0,Builder_Floor,"Savitri Nagar Village, Sheikh Sarai",2.0
1089,1600.0,3.0,4.0,Unfurnished,18800000.0,Apartment,Sheikh Sarai Phase 1,1.0
1090,1100.0,3.0,2.0,Semi-Furnished,6000000.0,Builder_Floor,"Panchsheel Vihar, Sheikh Sarai",1.0
1091,450.0,1.0,1.0,Unfurnished,2200000.0,Apartment,"Panchsheel Vihar, Sheikh Sarai",2.0
1092,855.0,3.0,2.0,Semi-Furnished,6500000.0,Builder_Floor,"Savitri Nagar Village, Sheikh Sarai",1.0
1093,1291.6680000000001,3.0,2.0,Unfurnished,23500000.0,Apartment,Sheikh Sarai Phase 1,1.0
1094,1300.0,2.0,2.0,Semi-Furnished,16000000.0,Apartment,Sheikh Sarai Phase 1,2.0
1095,1350.0,3.0,3.0,Unfurnished,20000000.0,Apartment,Sheikh Sarai Phase 1,2.0
1096,900.0,2.0,2.0,Unfurnished,5500000.0,Builder_Floor,Sheikh Sarai Phase 1,2.0
1097,850.0,2.0,2.0,Semi-Furnished,13500000.0,Apartment,Sheikh Sarai Phase 1,2.0
1098,1650.0,3.0,3.0,Semi-Furnished,22500000.0,Builder_Floor,Sheikh Sarai Phase 1,2.0
1099,650.0,2.0,2.0,Unfurnished,3800000.0,Apartment,"Panchsheel Vihar, Sheikh Sarai",2.0
1100,630.0,2.0,2.0,Semi-Furnished,4600000.0,Builder_Floor,other,2.0
1101,1250.0,2.0,1.0,Semi-Furnished,17500000.0,Apartment,Sheikh Sarai Phase 1,1.0
1102,1800.0,4.0,3.0,Furnished,5500000.0,Builder_Floor,"Panchsheel Vihar, Sheikh Sarai",1.0
1103,1500.0,3.0,3.0,Semi-Furnished,22500000.0,Builder_Floor,Sheikh Sarai Phase 1,1.0
1104,1100.0,2.0,2.0,Semi-Furnished,12500000.0,Apartment,Sheikh Sarai Phase 1,1.0
1105,1400.0,3.0,2.0,Semi-Furnished,19000000.0,Apartment,Sheikh Sarai Phase 1,1.0
1106,1300.0,2.0,2.0,Semi-Furnished,15500000.0,Apartment,Sheikh Sarai Phase 1,1.0
1107,1100.0,2.0,2.0,Semi-Furnished,13500000.0,Apartment,Sheikh Sarai Phase 1,1.0
1108,1600.0,3.0,3.0,Semi-Furnished,21000000.0,Apartment,Sheikh Sarai Phase 1,1.0
1109,2250.0,4.0,4.0,Semi-Furnished,50000000.0,Builder_Floor,"Punjabi Bagh Enclave, Punjabi Bagh ",1.0
1110,2592.0,4.0,3.0,Unfurnished,42500000.0,Builder_Floor,Punjabi Bagh,1.0
1111,1800.0,4.0,4.0,Unfurnished,45500000.0,Builder_Floor,Punjabi Bagh West,1.0
1112,1700.0,3.0,3.0,Semi-Furnished,23000000.0,Builder_Floor,Punjabi Bagh,1.0
1113,1640.0,3.0,3.0,Unfurnished,12000000.0,Apartment,Punjabi Bagh West,2.0
1114,2572.0,3.0,3.0,Furnished,35000000.0,Apartment,Punjabi Bagh West,1.0
1115,2100.0,3.0,3.0,Semi-Furnished,25000000.0,Builder_Floor,other,1.0
1116,1620.0,3.0,3.0,Semi-Furnished,29000000.0,Builder_Floor,"Punjabi Bagh Extension, Punjabi Bag",1.0
1117,2500.0,4.0,4.0,Semi-Furnished,80000000.0,Builder_Floor,Punjabi Bagh West,2.0
1118,2250.0,3.0,3.0,Semi-Furnished,20500000.0,Apartment,Punjabi Bagh West,2.0
1119,2445.0,4.0,4.0,Semi-Furnished,52500000.0,Apartment,other,2.0
1120,2250.0,4.0,4.0,Unfurnished,37500000.0,Builder_Floor,Punjabi Bagh,2.0
1121,800.0,2.0,2.0,Semi-Furnished,7500000.0,Apartment,"Punjabi Bagh Enclave, Punjabi Bagh ",2.0
1122,1450.0,3.0,3.0,Semi-Furnished,32500000.0,Builder_Floor,other,1.0
1123,1440.0,3.0,3.0,Unfurnished,24500000.0,Builder_Floor,"Punjabi Bagh Extension, Punjabi Bag",2.0
1125,1800.0,3.0,3.0,Semi-Furnished,27500000.0,Builder_Floor,Punjabi Bagh,2.0
1127,195.0,3.0,3.0,Semi-Furnished,28000000.0,Builder_Floor,"Punjabi Bagh Extension, Punjabi Bag",1.0
1128,807.2925,2.0,1.0,Semi-Furnished,8000000.0,Builder_Floor,"Punjabi Bagh Extension, Punjabi Bag",2.0
1129,3500.0,4.0,4.0,Furnished,75100000.0,Builder_Floor,Punjabi Bagh West,1.0
1130,1000.0,2.0,2.0,Semi-Furnished,7800000.0,Apartment,other,1.0
1131,900.0,2.0,2.0,Semi-Furnished,15000000.0,Builder_Floor,"Bhagwan Das Nagar, Punjabi Bagh",1.0
1132,1800.0,3.0,3.0,Furnished,27500000.0,Builder_Floor,Punjabi Bagh East,1.0
1133,17010.0,3.0,3.0,Semi-Furnished,25000000.0,Builder_Floor,Punjabi Bagh West,2.0
1134,2340.0,4.0,4.0,Semi-Furnished,26000000.0,Builder_Floor,Punjabi Bagh East,1.0
1135,1350.0,3.0,3.0,Unfurnished,23500000.0,Apartment,Punjabi Bagh East,1.0
1136,464.0,3.0,1.0,Unfurnished,4200000.0,Builder_Floor,"Bhagwan Das Nagar, Punjabi Bagh",1.0
1137,954.0,2.0,2.0,Unfurnished,10000000.0,Builder_Floor,Punjabi Bagh East,1.0
1138,1155.0,2.0,2.0,Semi-Furnished,18500000.0,Builder_Floor,other,1.0
1139,700.0,2.0,2.0,Unfurnished,16500000.0,Apartment,Alaknanda,1.0
1141,1350.0,3.0,3.0,Semi-Furnished,21000000.0,Apartment,"Narmada Apartment, Alaknanda",2.0
1142,1800.0,3.0,3.0,Semi-Furnished,22500000.0,Apartment,"Gangotri Enclave, Alaknanda",2.0
1143,968.7510000000001,2.0,2.0,Semi-Furnished,15000000.0,Apartment,"Aravali Apartments, Alaknanda",2.0
1144,1250.0,3.0,3.0,Semi-Furnished,20000000.0,Apartment,"Narmada Apartment, Alaknanda",2.0
1145,1800.0,3.0,3.0,Furnished,20000000.0,Apartment,"Aravali Apartments, Alaknanda",2.0
1146,1400.0,3.0,2.0,Semi-Furnished,26000000.0,Builder_Floor,"Shivalik Apartments, Alaknanda",2.0
1147,1000.0,3.0,3.0,Semi-Furnished,19500000.0,Apartment,"Narmada Apartment, Alaknanda",2.0
1148,1800.0,4.0,2.0,Semi-Furnished,21500000.0,Apartment,"Tara Apartment, Alaknanda",2.0
1149,1500.0,3.0,3.0,Unfurnished,26500000.0,Apartment,Alaknanda,2.0
1150,1600.0,3.0,3.0,Semi-Furnished,20000000.0,Apartment,"Narmada Apartment, Alaknanda",2.0
1151,1400.0,3.0,3.0,Furnished,18000000.0,Apartment,"Narmada Apartment, Alaknanda carpet",1.0
1152,1400.0,3.0,2.0,Unfurnished,19000000.0,Apartment,Alaknanda,2.0
1153,2700.0,4.0,4.0,Unfurnished,36500000.0,Builder_Floor,Greater Kailash 4 Nri Colony,3.0
1154,1100.0,2.0,2.0,Unfurnished,15000000.0,Apartment,Alaknanda,2.0
1155,1200.0,2.0,2.0,Semi-Furnished,17500000.0,Apartment,Alaknanda,2.0
1156,1400.0,2.0,2.0,Semi-Furnished,14000000.0,Apartment,Alaknanda,1.0
1157,1500.0,3.0,3.0,Semi-Furnished,21000000.0,Apartment,"Project Gangotri Enclave, Alaknanda",1.0
1158,1320.0,3.0,2.0,Unfurnished,15600000.0,Apartment,Alaknanda,2.0
1159,1300.0,3.0,3.0,Unfurnished,19000000.0,Apartment,"Project Gangotri Enclave, Gangotri ",1.0
1160,1150.0,2.0,2.0,Unfurnished,16500000.0,Apartment,"Narmada Apartment, Alaknanda",1.0
1161,1440.0,3.0,3.0,Unfurnished,19000000.0,Apartment,Alaknanda,2.0
1162,1400.0,2.0,2.0,Unfurnished,16500000.0,Apartment,"Nilgiri Apartment, Alaknanda",1.0
1164,1300.0,2.0,2.0,Semi-Furnished,15000000.0,Apartment,"Yamuna Apartment, Alaknanda",1.0
1165,1200.0,2.0,2.0,Unfurnished,14300000.0,Apartment,"Nilgiri Apartment, Alaknanda",2.0
1166,1300.0,3.0,2.0,Unfurnished,18500000.0,Apartment,"Nilgiri Apartment, Alaknanda",2.0
1167,1400.0,3.0,3.0,Furnished,19000000.0,Apartment,"Tara Apartment, Alaknanda carpet ar",1.0
1168,1400.0,3.0,3.0,Semi-Furnished,19000000.0,Apartment,Alaknanda,1.0
1169,500.0,2.0,2.0,Semi-Furnished,3300000.0,Builder_Floor,"Govindpuri Extension, Kalkaji",1.0
1170,700.0,2.0,2.0,Semi-Furnished,3800000.0,Builder_Floor,"Govindpuri Extension, Kalkaji",1.0
1171,900.0,3.0,3.0,Semi-Furnished,7000000.0,Builder_Floor,"Govindpuri Extension, Kalkaji",1.0
1172,1260.0,3.0,3.0,Semi-Furnished,16500000.0,Builder_Floor,Kalkaji,1.0
1173,950.0,3.0,2.0,Semi-Furnished,8000000.0,Apartment,"Govindpuri Extension, Kalkaji",1.0
1174,405.0,1.0,1.0,Unfurnished,5600000.0,Builder_Floor,other,4.0
1175,1800.0,2.0,2.0,Furnished,21000000.0,Builder_Floor,Kalkaji,4.0
1176,1300.0,3.0,3.0,Semi-Furnished,21000000.0,Builder_Floor,Kalkaji,4.0
1177,1000.0,3.0,3.0,Semi-Furnished,8600000.0,Apartment,"Govindpuri Extension, Kalkaji",1.0
1178,900.0,3.0,2.0,Semi-Furnished,6600000.0,Apartment,other,2.0
1179,1800.0,3.0,3.0,Semi-Furnished,14000000.0,Builder_Floor,"Govindpuri Extension, Kalkaji",2.0
1180,720.0,2.0,2.0,Unfurnished,4700000.0,Builder_Floor,"Govindpuri Extension, Kalkaji",2.0
1181,1485.0,3.0,3.0,Unfurnished,30000000.0,Apartment,other,2.0
1182,1600.0,3.0,3.0,Semi-Furnished,26000000.0,Builder_Floor,Kalkaji,2.0
1183,1200.0,2.0,2.0,Furnished,18500000.0,Apartment,"Deshbandhu Apartments, Kalkaji",1.0
1184,900.0,2.0,2.0,Semi-Furnished,6500000.0,Apartment,other,1.0
1185,900.0,2.0,2.0,Unfurnished,15000000.0,Apartment,Kalkaji,1.0
1186,800.0,2.0,2.0,Semi-Furnished,8000000.0,Builder_Floor,other,3.0
1187,1150.0,2.0,3.0,Semi-Furnished,16100000.0,Apartment,"Deshbandhu Apartments, Kalkaji",3.0
1188,900.0,3.0,3.0,Semi-Furnished,6800000.0,Builder_Floor,"Govindpuri Extension, Kalkaji",1.0
1189,1070.0,3.0,2.0,Furnished,6800000.0,Apartment,Kalkaji Extention,1.0
